scenario;category;metric;device;year;value;unit
example;optimization;tac_distr;;;182634;EUR/a
example;optimization;co2_distr;;;-411;t/a
example;optimization;tac_per_distr_year;;0;182684;EUR/a
example;optimization;co2_sum_distr_year;;0;-333;t/a
example;optimization;LCOE_year;;0;74.22562758181739;EUR/MWh
example;optimization;tac_per_distr_year;;5;182343;EUR/a
example;optimization;co2_sum_distr_year;;5;-75;t/a
example;optimization;LCOE_year;;5;74.423493913933;EUR/MWh
example;optimization;tac_per_distr_year;;10;182130;EUR/a
example;optimization;co2_sum_distr_year;;10;-13;t/a
example;optimization;LCOE_year;;10;74.55228290240547;EUR/MWh
example;optimization;tac_per_distr_year;;15;181932;EUR/a
example;optimization;co2_sum_distr_year;;15;11;t/a
example;optimization;LCOE_year;;15;74.672640771258;EUR/MWh
example;optimization;tac_per_distr_year;;20;192599;EUR/a
example;optimization;co2_sum_distr_year;;20;0;t/a
example;optimization;LCOE_year;;20;77.02669476269539;EUR/MWh
example;cost;co2_tax_total;;;0;EUR/a
example;cost;total_inv_cost;;;1598394;EUR/a
example;cost;total_inv_cost_unsubsidized;;;1687670;EUR/a
example;cost;total_ann_inv_cost;;;116050;EUR/a
example;cost;total_ann_inv_cost_unsubsidized;;;122663;EUR/a
example;cost;total_om_cost;;;29620;EUR/a
example;cost;supply_costs_el;;;54697;EUR/a
example;cost;cap_costs_el;;;0;EUR/a
example;cost;total_el_costs;;;54697;EUR/a
example;cost;rev_feed_in_el;;;65804;EUR/a
example;cost;supply_costs_gas;;;0;EUR/a
example;cost;cap_costs_gas;;;0;EUR/a
example;cost;total_gas_costs;;;0;EUR/a
example;cost;rev_feed_in_gas;;;0;EUR/a
example;cost;supply_costs_biom;;;20326;EUR/a
example;cost;supply_costs_waste;;;0;EUR/a
example;cost;supply_costs_hydrogen;;;0;EUR/a
example;co2;co2_onsite_emissions;;;35;t/a
example;co2;co2_credit_feedin;;;440;t/a
example;co2;total_co2_el;;;0.0;t/a
example;co2;total_co2_el_feed_in;;;0.0;t/a
example;co2;total_co2_gas;;;0;t/a
example;co2;total_co2_gas_feed_in;;;0;t/a
example;co2;total_co2_biom;;;0;t/a
example;co2;total_co2_waste;;;0;t/a
example;co2;total_co2_hydrogen;;;0;t/a
example;grid;from_el_grid_total;;;12763;MWh
example;grid;to_el_grid_total;;;17401;MWh
example;grid;from_el_main_grid_total;;;12763;MWh
example;grid;to_el_main_grid_total;;;17401;MWh
example;grid;from_network_total;;;0;MWh
example;grid;to_network_total;;;0;MWh
example;grid;from_gas_grid_total;;;0;MWh
example;grid;to_gas_grid_total;;;0;MWh
example;grid;biom_import_total;;;8682;MWh
example;grid;waste_import_total;;;0;MWh
example;grid;hydrogen_import_total;;;0;MWh
example;grid;max_el_from_grid;;;324;kW
example;grid;max_el_to_grid;;;853;kW
example;grid;max_el_from_main_grid;;;324;kW
example;grid;max_el_to_main_grid;;;853;kW
example;grid;max_el_from_network;;;0;kW
example;grid;max_el_to_network;;;0;kW
example;grid;max_gas_from_grid;;;0;kW
example;grid;max_gas_to_grid;;;0;kW
example;grid;max_biom;;;145;
example;grid;max_waste;;;0;
example;grid;max_hydrogen;;;0;
example;area;PV;PV;;3610;qm
example;area;STC;STC;;0;qm
example;storage_volume;vol_liter;TES;;27056.2;l
example;storage_volume;vol_liter;CTES;;0;l
example;device;capacity;PV;;718.5;kW
example;device_cost;inv;PV;;718532.88;EUR
example;device_cost;inv_unsubsidized;PV;;718532.88;EUR
example;device_cost;ann_inv;PV;;52824.19;EUR/a
example;device_cost;ann_inv_unsubsidized;PV;;52824.19;EUR/a
example;device_cost;om_cost;PV;;14370.66;EUR/a
example;device;capacity;HP;;319.8;kW
example;device_cost;inv;HP;;123767.27;EUR
example;device_cost;inv_unsubsidized;HP;;206278.78;EUR
example;device_cost;ann_inv;HP;;9098.96;EUR/a
example;device_cost;ann_inv_unsubsidized;HP;;15164.94;EUR/a
example;device_cost;om_cost;HP;;6807.2;EUR/a
example;device;capacity;BCHP;;50.8;kW
example;device_cost;inv;BCHP;;57872.36;EUR
example;device_cost;inv_unsubsidized;BCHP;;57872.36;EUR
example;device_cost;ann_inv;BCHP;;4675.84;EUR/a
example;device_cost;ann_inv_unsubsidized;BCHP;;4675.84;EUR/a
example;device_cost;om_cost;BCHP;;1736.17;EUR/a
example;device;capacity;BBOI;;346.7;kW
example;device_cost;inv;BBOI;;197604.77;EUR
example;device_cost;inv_unsubsidized;BBOI;;197604.77;EUR
example;device_cost;ann_inv;BBOI;;15965.62;EUR/a
example;device_cost;ann_inv_unsubsidized;BBOI;;15965.62;EUR/a
example;device_cost;om_cost;BBOI;;3952.1;EUR/a
example;device;capacity;TES;;942.5;kWh
example;device_cost;inv;TES;;28741.87;EUR
example;device_cost;inv_unsubsidized;TES;;35505.94;EUR
example;device_cost;ann_inv;TES;;2322.22;EUR/a
example;device_cost;ann_inv_unsubsidized;TES;;2868.73;EUR/a
example;device_cost;om_cost;TES;;461.58;EUR/a
example;peak;peak_heat_uncl;;;746.260803191121;kW
example;peak;peak_power_uncl;;;218.73440124140978;kW
example;peak;peak_heat_cl;;;623.7146263619212;kW
example;peak;peak_power_cl;;;218.73440124140978;kW
example;heat_profile_energy_by_year;heat_profile_energy_kwh;STC;0;0.0;kWh
example;heat_profile_devs_by_year;heat_kW;STC;0;0;kW
example;heat_profile_energy_by_year;heat_profile_energy_kwh;HP;0;723070.753;kWh
example;heat_profile_devs_by_year;heat_kW;HP;0;319;kW
example;heat_profile_energy_by_year;heat_profile_energy_kwh;EB;0;0.0;kWh
example;heat_profile_devs_by_year;heat_kW;EB;0;0;kW
example;heat_profile_energy_by_year;heat_profile_energy_kwh;AC;0;0.0;kWh
example;heat_profile_devs_by_year;heat_kW;AC;0;0;kW
example;heat_profile_energy_by_year;heat_profile_energy_kwh;CHP;0;0.0;kWh
example;heat_profile_devs_by_year;heat_kW;CHP;0;0;kW
example;heat_profile_energy_by_year;heat_profile_energy_kwh;BOI;0;0.0;kWh
example;heat_profile_devs_by_year;heat_kW;BOI;0;0;kW
example;heat_profile_energy_by_year;heat_profile_energy_kwh;GHP;0;0.0;kWh
example;heat_profile_devs_by_year;heat_kW;GHP;0;0;kW
example;heat_profile_energy_by_year;heat_profile_energy_kwh;BCHP;0;241023.584;kWh
example;heat_profile_devs_by_year;heat_kW;BCHP;0;79;kW
example;heat_profile_energy_by_year;heat_profile_energy_kwh;BBOI;0;0.0;kWh
example;heat_profile_devs_by_year;heat_kW;BBOI;0;0;kW
example;heat_profile_energy_by_year;heat_profile_energy_kwh;WCHP;0;0.0;kWh
example;heat_profile_devs_by_year;heat_kW;WCHP;0;0;kW
example;heat_profile_energy_by_year;heat_profile_energy_kwh;WBOI;0;0.0;kWh
example;heat_profile_devs_by_year;heat_kW;WBOI;0;0;kW
example;heat_profile_energy_by_year;heat_profile_energy_kwh;FC;0;0.0;kWh
example;heat_profile_devs_by_year;heat_kW;FC;0;0;kW
example;tes_charge_loss_by_year;tes_charge_loss_kwh;TES;0;;MWh
example;heat_profile_energy_by_year;heat_profile_energy_kwh;STC;5;0.0;kWh
example;heat_profile_devs_by_year;heat_kW;STC;5;0;kW
example;heat_profile_energy_by_year;heat_profile_energy_kwh;HP;5;716198.028;kWh
example;heat_profile_devs_by_year;heat_kW;HP;5;319;kW
example;heat_profile_energy_by_year;heat_profile_energy_kwh;EB;5;0.0;kWh
example;heat_profile_devs_by_year;heat_kW;EB;5;0;kW
example;heat_profile_energy_by_year;heat_profile_energy_kwh;AC;5;0.0;kWh
example;heat_profile_devs_by_year;heat_kW;AC;5;0;kW
example;heat_profile_energy_by_year;heat_profile_energy_kwh;CHP;5;0.0;kWh
example;heat_profile_devs_by_year;heat_kW;CHP;5;0;kW
example;heat_profile_energy_by_year;heat_profile_energy_kwh;BOI;5;0.0;kWh
example;heat_profile_devs_by_year;heat_kW;BOI;5;0;kW
example;heat_profile_energy_by_year;heat_profile_energy_kwh;GHP;5;0.0;kWh
example;heat_profile_devs_by_year;heat_kW;GHP;5;0;kW
example;heat_profile_energy_by_year;heat_profile_energy_kwh;BCHP;5;238732.676;kWh
example;heat_profile_devs_by_year;heat_kW;BCHP;5;79;kW
example;heat_profile_energy_by_year;heat_profile_energy_kwh;BBOI;5;0.0;kWh
example;heat_profile_devs_by_year;heat_kW;BBOI;5;0;kW
example;heat_profile_energy_by_year;heat_profile_energy_kwh;WCHP;5;0.0;kWh
example;heat_profile_devs_by_year;heat_kW;WCHP;5;0;kW
example;heat_profile_energy_by_year;heat_profile_energy_kwh;WBOI;5;0.0;kWh
example;heat_profile_devs_by_year;heat_kW;WBOI;5;0;kW
example;heat_profile_energy_by_year;heat_profile_energy_kwh;FC;5;0.0;kWh
example;heat_profile_devs_by_year;heat_kW;FC;5;0;kW
example;tes_charge_loss_by_year;tes_charge_loss_kwh;TES;5;;MWh
example;heat_profile_energy_by_year;heat_profile_energy_kwh;STC;10;0.0;kWh
example;heat_profile_devs_by_year;heat_kW;STC;10;0;kW
example;heat_profile_energy_by_year;heat_profile_energy_kwh;HP;10;711794.274;kWh
example;heat_profile_devs_by_year;heat_kW;HP;10;319;kW
example;heat_profile_energy_by_year;heat_profile_energy_kwh;EB;10;0.0;kWh
example;heat_profile_devs_by_year;heat_kW;EB;10;0;kW
example;heat_profile_energy_by_year;heat_profile_energy_kwh;AC;10;0.0;kWh
example;heat_profile_devs_by_year;heat_kW;AC;10;0;kW
example;heat_profile_energy_by_year;heat_profile_energy_kwh;CHP;10;0.0;kWh
example;heat_profile_devs_by_year;heat_kW;CHP;10;0;kW
example;heat_profile_energy_by_year;heat_profile_energy_kwh;BOI;10;0.0;kWh
example;heat_profile_devs_by_year;heat_kW;BOI;10;0;kW
example;heat_profile_energy_by_year;heat_profile_energy_kwh;GHP;10;0.0;kWh
example;heat_profile_devs_by_year;heat_kW;GHP;10;0;kW
example;heat_profile_energy_by_year;heat_profile_energy_kwh;BCHP;10;237264.758;kWh
example;heat_profile_devs_by_year;heat_kW;BCHP;10;79;kW
example;heat_profile_energy_by_year;heat_profile_energy_kwh;BBOI;10;0.0;kWh
example;heat_profile_devs_by_year;heat_kW;BBOI;10;0;kW
example;heat_profile_energy_by_year;heat_profile_energy_kwh;WCHP;10;0.0;kWh
example;heat_profile_devs_by_year;heat_kW;WCHP;10;0;kW
example;heat_profile_energy_by_year;heat_profile_energy_kwh;WBOI;10;0.0;kWh
example;heat_profile_devs_by_year;heat_kW;WBOI;10;0;kW
example;heat_profile_energy_by_year;heat_profile_energy_kwh;FC;10;0.0;kWh
example;heat_profile_devs_by_year;heat_kW;FC;10;0;kW
example;tes_charge_loss_by_year;tes_charge_loss_kwh;TES;10;;MWh
example;heat_profile_energy_by_year;heat_profile_energy_kwh;STC;15;0.0;kWh
example;heat_profile_devs_by_year;heat_kW;STC;15;0;kW
example;heat_profile_energy_by_year;heat_profile_energy_kwh;HP;15;707700.786;kWh
example;heat_profile_devs_by_year;heat_kW;HP;15;319;kW
example;heat_profile_energy_by_year;heat_profile_energy_kwh;EB;15;0.0;kWh
example;heat_profile_devs_by_year;heat_kW;EB;15;0;kW
example;heat_profile_energy_by_year;heat_profile_energy_kwh;AC;15;0.0;kWh
example;heat_profile_devs_by_year;heat_kW;AC;15;0;kW
example;heat_profile_energy_by_year;heat_profile_energy_kwh;CHP;15;0.0;kWh
example;heat_profile_devs_by_year;heat_kW;CHP;15;0;kW
example;heat_profile_energy_by_year;heat_profile_energy_kwh;BOI;15;0.0;kWh
example;heat_profile_devs_by_year;heat_kW;BOI;15;0;kW
example;heat_profile_energy_by_year;heat_profile_energy_kwh;GHP;15;0.0;kWh
example;heat_profile_devs_by_year;heat_kW;GHP;15;0;kW
example;heat_profile_energy_by_year;heat_profile_energy_kwh;BCHP;15;235900.262;kWh
example;heat_profile_devs_by_year;heat_kW;BCHP;15;79;kW
example;heat_profile_energy_by_year;heat_profile_energy_kwh;BBOI;15;0.0;kWh
example;heat_profile_devs_by_year;heat_kW;BBOI;15;0;kW
example;heat_profile_energy_by_year;heat_profile_energy_kwh;WCHP;15;0.0;kWh
example;heat_profile_devs_by_year;heat_kW;WCHP;15;0;kW
example;heat_profile_energy_by_year;heat_profile_energy_kwh;WBOI;15;0.0;kWh
example;heat_profile_devs_by_year;heat_kW;WBOI;15;0;kW
example;heat_profile_energy_by_year;heat_profile_energy_kwh;FC;15;0.0;kWh
example;heat_profile_devs_by_year;heat_kW;FC;15;0;kW
example;tes_charge_loss_by_year;tes_charge_loss_kwh;TES;15;;MWh
example;heat_profile_energy_by_year;heat_profile_energy_kwh;STC;20;0.0;kWh
example;heat_profile_devs_by_year;heat_kW;STC;20;0;kW
example;heat_profile_energy_by_year;heat_profile_energy_kwh;HP;20;923325.306;kWh
example;heat_profile_devs_by_year;heat_kW;HP;20;319;kW
example;heat_profile_energy_by_year;heat_profile_energy_kwh;EB;20;0.0;kWh
example;heat_profile_devs_by_year;heat_kW;EB;20;0;kW
example;heat_profile_energy_by_year;heat_profile_energy_kwh;AC;20;0.0;kWh
example;heat_profile_devs_by_year;heat_kW;AC;20;0;kW
example;heat_profile_energy_by_year;heat_profile_energy_kwh;CHP;20;0.0;kWh
example;heat_profile_devs_by_year;heat_kW;CHP;20;0;kW
example;heat_profile_energy_by_year;heat_profile_energy_kwh;BOI;20;0.0;kWh
example;heat_profile_devs_by_year;heat_kW;BOI;20;0;kW
example;heat_profile_energy_by_year;heat_profile_energy_kwh;GHP;20;0.0;kWh
example;heat_profile_devs_by_year;heat_kW;GHP;20;0;kW
example;heat_profile_energy_by_year;heat_profile_energy_kwh;BCHP;20;10844.725;kWh
example;heat_profile_devs_by_year;heat_kW;BCHP;20;79;kW
example;heat_profile_energy_by_year;heat_profile_energy_kwh;BBOI;20;0.0;kWh
example;heat_profile_devs_by_year;heat_kW;BBOI;20;0;kW
example;heat_profile_energy_by_year;heat_profile_energy_kwh;WCHP;20;0.0;kWh
example;heat_profile_devs_by_year;heat_kW;WCHP;20;0;kW
example;heat_profile_energy_by_year;heat_profile_energy_kwh;WBOI;20;0.0;kWh
example;heat_profile_devs_by_year;heat_kW;WBOI;20;0;kW
example;heat_profile_energy_by_year;heat_profile_energy_kwh;FC;20;0.0;kWh
example;heat_profile_devs_by_year;heat_kW;FC;20;0;kW
example;tes_charge_loss_by_year;tes_charge_loss_kwh;TES;20;;MWh
example;power_profile_devs_by_year;power_profile_energy_kwh;PV;0;745632.877;kWh
example;power_profile_devs_by_year;power_kW;PV;0;569;kW
example;power_profile_devs_by_year;power_profile_energy_kwh;WT;0;0.0;kWh
example;power_profile_devs_by_year;power_kW;WT;0;0;kW
example;power_profile_devs_by_year;power_profile_energy_kwh;WAT;0;0.0;kWh
example;power_profile_devs_by_year;power_kW;WAT;0;0;kW
example;power_profile_devs_by_year;power_profile_energy_kwh;HP;0;215406.506;kWh
example;power_profile_devs_by_year;power_kW;HP;0;119;kW
example;power_profile_devs_by_year;power_profile_energy_kwh;EB;0;0.0;kWh
example;power_profile_devs_by_year;power_kW;EB;0;0;kW
example;power_profile_devs_by_year;power_profile_energy_kwh;CC;0;0.0;kWh
example;power_profile_devs_by_year;power_kW;CC;0;0;kW
example;power_profile_devs_by_year;power_profile_energy_kwh;CHP;0;0.0;kWh
example;power_profile_devs_by_year;power_kW;CHP;0;0;kW
example;power_profile_devs_by_year;power_profile_energy_kwh;BCHP;0;153378.645;kWh
example;power_profile_devs_by_year;power_kW;BCHP;0;50;kW
example;power_profile_devs_by_year;power_profile_energy_kwh;WCHP;0;0.0;kWh
example;power_profile_devs_by_year;power_kW;WCHP;0;0;kW
example;power_profile_devs_by_year;power_profile_energy_kwh;ELYZ;0;0.0;kWh
example;power_profile_devs_by_year;power_kW;ELYZ;0;0;kW
example;power_profile_devs_by_year;power_profile_energy_kwh;FC;0;0.0;kWh
example;power_profile_devs_by_year;power_kW;FC;0;0;kW
example;power_profile_devs_by_year;power_profile_energy_kwh;from_grid;0;598092.597;kWh
example;power_profile_devs_by_year;power_kW;from_grid;0;273;kW
example;power_profile_devs_by_year;power_profile_energy_kwh;to_grid;0;828294.521;kWh
example;power_profile_devs_by_year;power_kW;to_grid;0;853;kW
example;power_profile_devs_by_year;power_profile_energy_kwh;from_main_grid;0;598092.597;kWh
example;power_profile_devs_by_year;power_kW;from_main_grid;0;273;kW
example;power_profile_devs_by_year;power_profile_energy_kwh;to_main_grid;0;828294.521;kWh
example;power_profile_devs_by_year;power_kW;to_main_grid;0;853;kW
example;power_profile_devs_by_year;power_profile_energy_kwh;from_network;0;0.0;kWh
example;power_profile_devs_by_year;power_kW;from_network;0;0;kW
example;power_profile_devs_by_year;power_profile_energy_kwh;to_network;0;0.0;kWh
example;power_profile_devs_by_year;power_kW;to_network;0;0;kW
example;power_profile_devs_by_year;power_profile_energy_kwh;PV;5;745632.877;kWh
example;power_profile_devs_by_year;power_kW;PV;5;569;kW
example;power_profile_devs_by_year;power_profile_energy_kwh;WT;5;0.0;kWh
example;power_profile_devs_by_year;power_kW;WT;5;0;kW
example;power_profile_devs_by_year;power_profile_energy_kwh;WAT;5;0.0;kWh
example;power_profile_devs_by_year;power_kW;WAT;5;0;kW
example;power_profile_devs_by_year;power_profile_energy_kwh;HP;5;213206.046;kWh
example;power_profile_devs_by_year;power_kW;HP;5;119;kW
example;power_profile_devs_by_year;power_profile_energy_kwh;EB;5;0.0;kWh
example;power_profile_devs_by_year;power_kW;EB;5;0;kW
example;power_profile_devs_by_year;power_profile_energy_kwh;CC;5;0.0;kWh
example;power_profile_devs_by_year;power_kW;CC;5;0;kW
example;power_profile_devs_by_year;power_profile_energy_kwh;CHP;5;0.0;kWh
example;power_profile_devs_by_year;power_kW;CHP;5;0;kW
example;power_profile_devs_by_year;power_profile_energy_kwh;BCHP;5;151920.794;kWh
example;power_profile_devs_by_year;power_kW;BCHP;5;50;kW
example;power_profile_devs_by_year;power_profile_energy_kwh;WCHP;5;0.0;kWh
example;power_profile_devs_by_year;power_kW;WCHP;5;0;kW
example;power_profile_devs_by_year;power_profile_energy_kwh;ELYZ;5;0.0;kWh
example;power_profile_devs_by_year;power_kW;ELYZ;5;0;kW
example;power_profile_devs_by_year;power_profile_energy_kwh;FC;5;0.0;kWh
example;power_profile_devs_by_year;power_kW;FC;5;0;kW
example;power_profile_devs_by_year;power_profile_energy_kwh;from_grid;5;597588.719;kWh
example;power_profile_devs_by_year;power_kW;from_grid;5;273;kW
example;power_profile_devs_by_year;power_profile_energy_kwh;to_grid;5;828533.252;kWh
example;power_profile_devs_by_year;power_kW;to_grid;5;853;kW
example;power_profile_devs_by_year;power_profile_energy_kwh;from_main_grid;5;597588.719;kWh
example;power_profile_devs_by_year;power_kW;from_main_grid;5;273;kW
example;power_profile_devs_by_year;power_profile_energy_kwh;to_main_grid;5;828533.252;kWh
example;power_profile_devs_by_year;power_kW;to_main_grid;5;853;kW
example;power_profile_devs_by_year;power_profile_energy_kwh;from_network;5;0.0;kWh
example;power_profile_devs_by_year;power_kW;from_network;5;0;kW
example;power_profile_devs_by_year;power_profile_energy_kwh;to_network;5;0.0;kWh
example;power_profile_devs_by_year;power_kW;to_network;5;0;kW
example;power_profile_devs_by_year;power_profile_energy_kwh;PV;10;745632.877;kWh
example;power_profile_devs_by_year;power_kW;PV;10;569;kW
example;power_profile_devs_by_year;power_profile_energy_kwh;WT;10;0.0;kWh
example;power_profile_devs_by_year;power_kW;WT;10;0;kW
example;power_profile_devs_by_year;power_profile_energy_kwh;WAT;10;0.0;kWh
example;power_profile_devs_by_year;power_kW;WAT;10;0;kW
example;power_profile_devs_by_year;power_profile_energy_kwh;HP;10;211822.79;kWh
example;power_profile_devs_by_year;power_kW;HP;10;119;kW
example;power_profile_devs_by_year;power_profile_energy_kwh;EB;10;0.0;kWh
example;power_profile_devs_by_year;power_kW;EB;10;0;kW
example;power_profile_devs_by_year;power_profile_energy_kwh;CC;10;0.0;kWh
example;power_profile_devs_by_year;power_kW;CC;10;0;kW
example;power_profile_devs_by_year;power_profile_energy_kwh;CHP;10;0.0;kWh
example;power_profile_devs_by_year;power_kW;CHP;10;0;kW
example;power_profile_devs_by_year;power_profile_energy_kwh;BCHP;10;150986.664;kWh
example;power_profile_devs_by_year;power_kW;BCHP;10;50;kW
example;power_profile_devs_by_year;power_profile_energy_kwh;WCHP;10;0.0;kWh
example;power_profile_devs_by_year;power_kW;WCHP;10;0;kW
example;power_profile_devs_by_year;power_profile_energy_kwh;ELYZ;10;0.0;kWh
example;power_profile_devs_by_year;power_kW;ELYZ;10;0;kW
example;power_profile_devs_by_year;power_profile_energy_kwh;FC;10;0.0;kWh
example;power_profile_devs_by_year;power_kW;FC;10;0;kW
example;power_profile_devs_by_year;power_profile_energy_kwh;from_grid;10;597304.967;kWh
example;power_profile_devs_by_year;power_kW;from_grid;10;273;kW
example;power_profile_devs_by_year;power_profile_energy_kwh;to_grid;10;828698.626;kWh
example;power_profile_devs_by_year;power_kW;to_grid;10;853;kW
example;power_profile_devs_by_year;power_profile_energy_kwh;from_main_grid;10;597304.967;kWh
example;power_profile_devs_by_year;power_kW;from_main_grid;10;273;kW
example;power_profile_devs_by_year;power_profile_energy_kwh;to_main_grid;10;828698.626;kWh
example;power_profile_devs_by_year;power_kW;to_main_grid;10;853;kW
example;power_profile_devs_by_year;power_profile_energy_kwh;from_network;10;0.0;kWh
example;power_profile_devs_by_year;power_kW;from_network;10;0;kW
example;power_profile_devs_by_year;power_profile_energy_kwh;to_network;10;0.0;kWh
example;power_profile_devs_by_year;power_kW;to_network;10;0;kW
example;power_profile_devs_by_year;power_profile_energy_kwh;PV;15;745632.877;kWh
example;power_profile_devs_by_year;power_kW;PV;15;569;kW
example;power_profile_devs_by_year;power_profile_energy_kwh;WT;15;0.0;kWh
example;power_profile_devs_by_year;power_kW;WT;15;0;kW
example;power_profile_devs_by_year;power_profile_energy_kwh;WAT;15;0.0;kWh
example;power_profile_devs_by_year;power_kW;WAT;15;0;kW
example;power_profile_devs_by_year;power_profile_energy_kwh;HP;15;210536.073;kWh
example;power_profile_devs_by_year;power_kW;HP;15;119;kW
example;power_profile_devs_by_year;power_profile_energy_kwh;EB;15;0.0;kWh
example;power_profile_devs_by_year;power_kW;EB;15;0;kW
example;power_profile_devs_by_year;power_profile_energy_kwh;CC;15;0.0;kWh
example;power_profile_devs_by_year;power_kW;CC;15;0;kW
example;power_profile_devs_by_year;power_profile_energy_kwh;CHP;15;0.0;kWh
example;power_profile_devs_by_year;power_kW;CHP;15;0;kW
example;power_profile_devs_by_year;power_profile_energy_kwh;BCHP;15;150118.349;kWh
example;power_profile_devs_by_year;power_kW;BCHP;15;50;kW
example;power_profile_devs_by_year;power_profile_energy_kwh;WCHP;15;0.0;kWh
example;power_profile_devs_by_year;power_kW;WCHP;15;0;kW
example;power_profile_devs_by_year;power_profile_energy_kwh;ELYZ;15;0.0;kWh
example;power_profile_devs_by_year;power_kW;ELYZ;15;0;kW
example;power_profile_devs_by_year;power_profile_energy_kwh;FC;15;0.0;kWh
example;power_profile_devs_by_year;power_kW;FC;15;0;kW
example;power_profile_devs_by_year;power_profile_energy_kwh;from_grid;15;597042.075;kWh
example;power_profile_devs_by_year;power_kW;from_grid;15;273;kW
example;power_profile_devs_by_year;power_profile_energy_kwh;to_grid;15;828854.135;kWh
example;power_profile_devs_by_year;power_kW;to_grid;15;853;kW
example;power_profile_devs_by_year;power_profile_energy_kwh;from_main_grid;15;597042.075;kWh
example;power_profile_devs_by_year;power_kW;from_main_grid;15;273;kW
example;power_profile_devs_by_year;power_profile_energy_kwh;to_main_grid;15;828854.135;kWh
example;power_profile_devs_by_year;power_kW;to_main_grid;15;853;kW
example;power_profile_devs_by_year;power_profile_energy_kwh;from_network;15;0.0;kWh
example;power_profile_devs_by_year;power_kW;from_network;15;0;kW
example;power_profile_devs_by_year;power_profile_energy_kwh;to_network;15;0.0;kWh
example;power_profile_devs_by_year;power_kW;to_network;15;0;kW
example;power_profile_devs_by_year;power_profile_energy_kwh;PV;20;745632.877;kWh
example;power_profile_devs_by_year;power_kW;PV;20;569;kW
example;power_profile_devs_by_year;power_profile_energy_kwh;WT;20;0.0;kWh
example;power_profile_devs_by_year;power_kW;WT;20;0;kW
example;power_profile_devs_by_year;power_profile_energy_kwh;WAT;20;0.0;kWh
example;power_profile_devs_by_year;power_kW;WAT;20;0;kW
example;power_profile_devs_by_year;power_profile_energy_kwh;HP;20;283356.828;kWh
example;power_profile_devs_by_year;power_kW;HP;20;119;kW
example;power_profile_devs_by_year;power_profile_energy_kwh;EB;20;0.0;kWh
example;power_profile_devs_by_year;power_kW;EB;20;0;kW
example;power_profile_devs_by_year;power_profile_energy_kwh;CC;20;0.0;kWh
example;power_profile_devs_by_year;power_kW;CC;20;0;kW
example;power_profile_devs_by_year;power_profile_energy_kwh;CHP;20;0.0;kWh
example;power_profile_devs_by_year;power_kW;CHP;20;0;kW
example;power_profile_devs_by_year;power_profile_energy_kwh;BCHP;20;6901.189;kWh
example;power_profile_devs_by_year;power_kW;BCHP;20;50;kW
example;power_profile_devs_by_year;power_profile_energy_kwh;WCHP;20;0.0;kWh
example;power_profile_devs_by_year;power_kW;WCHP;20;0;kW
example;power_profile_devs_by_year;power_profile_energy_kwh;ELYZ;20;0.0;kWh
example;power_profile_devs_by_year;power_kW;ELYZ;20;0;kW
example;power_profile_devs_by_year;power_profile_energy_kwh;FC;20;0.0;kWh
example;power_profile_devs_by_year;power_kW;FC;20;0;kW
example;power_profile_devs_by_year;power_profile_energy_kwh;from_grid;20;813714.759;kWh
example;power_profile_devs_by_year;power_kW;from_grid;20;324;kW
example;power_profile_devs_by_year;power_profile_energy_kwh;to_grid;20;829488.905;kWh
example;power_profile_devs_by_year;power_kW;to_grid;20;853;kW
example;power_profile_devs_by_year;power_profile_energy_kwh;from_main_grid;20;813714.759;kWh
example;power_profile_devs_by_year;power_kW;from_main_grid;20;324;kW
example;power_profile_devs_by_year;power_profile_energy_kwh;to_main_grid;20;829488.905;kWh
example;power_profile_devs_by_year;power_kW;to_main_grid;20;853;kW
example;power_profile_devs_by_year;power_profile_energy_kwh;from_network;20;0.0;kWh
example;power_profile_devs_by_year;power_kW;from_network;20;0;kW
example;power_profile_devs_by_year;power_profile_energy_kwh;to_network;20;0.0;kWh
example;power_profile_devs_by_year;power_kW;to_network;20;0;kW
example;yearly_totals;from_el_grid_total;;0;598;MWh
example;yearly_totals;from_el_grid_total;;5;597;MWh
example;yearly_totals;from_el_grid_total;;10;597;MWh
example;yearly_totals;from_el_grid_total;;15;597;MWh
example;yearly_totals;from_el_grid_total;;20;813;MWh
example;yearly_totals;to_el_grid_total;;0;828;MWh
example;yearly_totals;to_el_grid_total;;5;828;MWh
example;yearly_totals;to_el_grid_total;;10;828;MWh
example;yearly_totals;to_el_grid_total;;15;828;MWh
example;yearly_totals;to_el_grid_total;;20;829;MWh
example;yearly_totals;from_el_main_grid_total;;0;598;MWh
example;yearly_totals;from_el_main_grid_total;;5;597;MWh
example;yearly_totals;from_el_main_grid_total;;10;597;MWh
example;yearly_totals;from_el_main_grid_total;;15;597;MWh
example;yearly_totals;from_el_main_grid_total;;20;813;MWh
example;yearly_totals;to_el_main_grid_total;;0;828;MWh
example;yearly_totals;to_el_main_grid_total;;5;828;MWh
example;yearly_totals;to_el_main_grid_total;;10;828;MWh
example;yearly_totals;to_el_main_grid_total;;15;828;MWh
example;yearly_totals;to_el_main_grid_total;;20;829;MWh
example;yearly_totals;from_network_total;;0;0;MWh
example;yearly_totals;from_network_total;;5;0;MWh
example;yearly_totals;from_network_total;;10;0;MWh
example;yearly_totals;from_network_total;;15;0;MWh
example;yearly_totals;from_network_total;;20;0;MWh
example;yearly_totals;to_network_total;;0;0;MWh
example;yearly_totals;to_network_total;;5;0;MWh
example;yearly_totals;to_network_total;;10;0;MWh
example;yearly_totals;to_network_total;;15;0;MWh
example;yearly_totals;to_network_total;;20;0;MWh
example;yearly_totals;from_gas_grid_total;;0;0;MWh
example;yearly_totals;from_gas_grid_total;;5;0;MWh
example;yearly_totals;from_gas_grid_total;;10;0;MWh
example;yearly_totals;from_gas_grid_total;;15;0;MWh
example;yearly_totals;from_gas_grid_total;;20;0;MWh
example;yearly_totals;to_gas_grid_total;;0;0;MWh
example;yearly_totals;to_gas_grid_total;;5;0;MWh
example;yearly_totals;to_gas_grid_total;;10;0;MWh
example;yearly_totals;to_gas_grid_total;;15;0;MWh
example;yearly_totals;to_gas_grid_total;;20;0;MWh
example;yearly_totals;biom_import_total;;0;438;MWh
example;yearly_totals;biom_import_total;;5;434;MWh
example;yearly_totals;biom_import_total;;10;431;MWh
example;yearly_totals;biom_import_total;;15;428;MWh
example;yearly_totals;biom_import_total;;20;19;MWh
example;yearly_totals;waste_import_total;;0;0;MWh
example;yearly_totals;waste_import_total;;5;0;MWh
example;yearly_totals;waste_import_total;;10;0;MWh
example;yearly_totals;waste_import_total;;15;0;MWh
example;yearly_totals;waste_import_total;;20;0;MWh
example;yearly_totals;hydrogen_import_total;;0;0;MWh
example;yearly_totals;hydrogen_import_total;;5;0;MWh
example;yearly_totals;hydrogen_import_total;;10;0;MWh
example;yearly_totals;hydrogen_import_total;;15;0;MWh
example;yearly_totals;hydrogen_import_total;;20;0;MWh
example;yearly_totals;total_heat_demand_by_year;;0;964.0943376194211;MWh
example;yearly_totals;total_heat_demand_by_year;;5;954.930703386735;MWh
example;yearly_totals;total_heat_demand_by_year;;10;949.0590321122538;MWh
example;yearly_totals;total_heat_demand_by_year;;15;943.6010479763669;MWh
example;yearly_totals;total_heat_demand_by_year;;20;934.1700310780342;MWh
example;yearly_totals;total_heat_demand_by_year_only_dem;;0;942.6871765389707;MWh
example;yearly_totals;total_heat_demand_by_year_only_dem;;5;933.5352552000719;MWh
example;yearly_totals;total_heat_demand_by_year_only_dem;;10;927.8005748761251;MWh
example;yearly_totals;total_heat_demand_by_year_only_dem;;15;922.4586808757388;MWh
example;yearly_totals;total_heat_demand_by_year_only_dem;;20;917.0775082429944;MWh
example;yearly_totals;total_heat_demand_by_year_only_tes;;0;21.407161080450507;MWh
example;yearly_totals;total_heat_demand_by_year_only_tes;;5;21.39544818666313;MWh
example;yearly_totals;total_heat_demand_by_year_only_tes;;10;21.258457236128745;MWh
example;yearly_totals;total_heat_demand_by_year_only_tes;;15;21.142367100628082;MWh
example;yearly_totals;total_heat_demand_by_year_only_tes;;20;17.092522835039713;MWh
example;yearly_totals;total_power_demand_by_year;;0;1497.104118581039;MWh
example;yearly_totals;total_power_demand_by_year;;5;1495.1423895810394;MWh
example;yearly_totals;total_power_demand_by_year;;10;1493.9245075810395;MWh
example;yearly_totals;total_power_demand_by_year;;15;1492.7932995810393;MWh
example;yearly_totals;total_power_demand_by_year;;20;1566.2488245810396;MWh
example;yearly_totals;total_heat_supply_by_year;;0;964.0943370000001;MWh
example;yearly_totals;total_heat_supply_by_year;;5;954.930704;MWh
example;yearly_totals;total_heat_supply_by_year;;10;949.059032;MWh
example;yearly_totals;total_heat_supply_by_year;;15;943.601048;MWh
example;yearly_totals;total_heat_supply_by_year;;20;934.170031;MWh
example;yearly_totals;total_power_supply_by_year;;0;1497.104119;MWh
example;yearly_totals;total_power_supply_by_year;;5;1495.14239;MWh
example;yearly_totals;total_power_supply_by_year;;10;1493.924508;MWh
example;yearly_totals;total_power_supply_by_year;;15;1492.793301;MWh
example;yearly_totals;total_power_supply_by_year;;20;1566.2488250000001;MWh
