Support_Year;Cluster;Timestep;Heat_Demand_kW;Heat_Demand_TES_kW
0;0;0;564.427;160.684
0;0;1;589.915;135.196
0;0;2;622.432;102.679
0;0;3;643.53;81.581
0;0;4;659.223;65.888
0;0;5;668.866;56.245
0;0;6;772.151;-47.04
0;0;7;747.667;-22.556
0;0;8;632.741;92.37
0;0;9;581.877;-581.877
0;0;10;520.14;-475.888
0;0;11;479.963;-313.152
0;0;12;481.945;0.0
0;0;13;412.444;312.667
0;0;14;373.741;351.37
0;0;15;380.011;-380.011
0;0;16;368.826;-271.547
0;0;17;358.872;366.239
0;0;18;424.754;300.358
0;0;19;439.545;285.566
0;0;20;452.371;272.74
0;0;21;490.102;235.009
0;0;22;470.645;254.466
0;0;23;505.947;109.198
0;0;24;558.14;166.971
0;0;25;580.853;144.258
0;0;26;608.032;117.079
0;0;27;628.125;96.986
0;0;28;649.184;75.927
0;0;29;661.789;63.322
0;0;30;787.425;-53.708
0;0;31;803.105;9.157
0;0;32;700.307;111.955
0;0;33;698.072;-373.895
0;0;34;667.132;-289.388
0;0;35;636.579;-337.977
0;0;36;655.833;-403.317
0;0;37;613.458;-463.156
0;0;38;599.236;-352.273
0;0;39;586.55;0.0
0;0;40;559.502;0.0
0;0;41;540.865;0.0
0;0;42;590.356;0.0
0;0;43;610.822;0.0
0;0;44;627.824;0.0
0;0;45;644.267;0.0
0;0;46;559.537;0.0
0;0;47;585.035;0.0
0;0;48;535.637;96.926
0;0;49;536.056;189.055
0;0;50;542.922;182.189
0;0;51;551.242;173.869
0;0;52;555.863;169.248
0;0;53;561.786;163.325
0;0;54;566.185;158.926
0;0;55;757.554;-32.443
0;0;56;750.993;-25.882
0;0;57;562.379;-562.379
0;0;58;546.499;-444.26
0;0;59;494.532;95.579
0;0;60;454.245;270.866
0;0;61;417.986;-54.559
0;0;62;399.922;-149.903
0;0;63;437.981;287.13
0;0;64;384.092;-66.072
0;0;65;277.164;-277.164
0;0;66;269.741;-87.671
0;0;67;270.457;454.654
0;0;68;327.273;-110.585
0;0;69;336.128;-336.128
0;0;70;347.946;0.0
0;0;71;319.998;0.0
0;0;72;351.307;373.804
0;0;73;367.673;142.762
0;0;74;386.504;338.607
0;0;75;396.351;328.76
0;0;76;398.839;326.272
0;0;77;405.86;319.251
0;0;78;408.185;316.926
0;0;79;592.14;132.971
0;0;80;597.671;127.44
0;0;81;409.188;-409.188
0;0;82;393.728;-393.728
0;0;83;361.588;-361.588
0;0;84;348.494;-348.494
0;0;85;320.449;-115.17
0;0;86;313.721;-256.29
0;0;87;378.288;-148.419
0;0;88;349.791;-183.868
0;0;89;259.619;465.492
0;0;90;321.251;403.861
0;0;91;329.997;395.114
0;0;92;413.089;312.022
0;0;93;403.497;321.614
0;0;94;459.47;77.495
0;0;95;424.793;300.318
0;0;96;597.699;127.412
0;0;97;616.873;23.023
0;0;98;649.412;23.023
0;0;99;676.005;-55.016
0;0;100;693.527;31.584
0;0;101;710.087;15.024
0;0;102;821.494;-96.383
0;0;103;826.458;-101.347
0;0;104;736.041;-736.041
0;0;105;703.605;21.506
0;0;106;652.441;72.671
0;0;107;627.592;-546.723
0;0;108;647.358;77.753
0;0;109;589.048;-57.702
0;0;110;577.312;147.799
0;0;111;557.944;-459.67
0;0;112;533.808;191.303
0;0;113;498.8;226.312
0;0;114;556.006;-556.006
0;0;115;532.486;192.625
0;0;116;559.765;165.346
0;0;117;587.489;137.623
0;0;118;547.258;177.854
0;0;119;585.103;140.009
0;0;120;653.021;72.09
0;0;121;663.895;61.216
0;0;122;691.981;33.13
0;0;123;701.204;23.907
0;0;124;708.271;16.84
0;0;125;730.297;-5.186
0;0;126;827.817;-102.705
0;0;127;813.266;-88.155
0;0;128;738.884;-13.773
0;0;129;730.218;-730.218
0;0;130;692.685;32.426
0;0;131;659.448;65.663
0;0;132;658.903;-290.528
0;0;133;580.72;0.0
0;0;134;566.736;158.375
0;0;135;555.277;-82.556
0;0;136;538.204;186.907
0;0;137;539.692;185.42
0;0;138;602.583;122.528
0;0;139;608.252;116.859
0;0;140;627.658;97.453
0;0;141;639.5;85.611
0;0;142;569.775;155.336
0;0;143;646.199;78.912
0;0;144;702.305;22.806
0;0;145;714.097;11.014
0;0;146;736.85;-11.739
0;0;147;747.526;-22.415
0;0;148;764.518;-39.407
0;0;149;776.232;-51.121
0;0;150;880.025;-154.914
0;0;151;858.561;-133.45
0;0;152;766.418;-41.307
0;0;153;764.087;-531.733
0;0;154;739.729;-14.618
0;0;155;704.824;20.287
0;0;156;694.538;-20.084
0;0;157;606.39;118.721
0;0;158;567.8;157.311
0;0;159;539.647;185.465
0;0;160;492.669;232.442
0;0;161;478.739;-109.376
0;0;162;520.685;204.426
0;0;163;533.335;191.776
0;0;164;555.912;169.199
0;0;165;600.281;124.83
0;0;166;542.379;182.732
0;0;167;578.433;-499.956
0;1;0;6.896;-6.896
0;1;1;6.479;-6.479
0;1;2;7.895;-7.895
0;1;3;7.545;-7.545
0;1;4;6.482;-6.482
0;1;5;8.031;-8.031
0;1;6;69.445;-69.445
0;1;7;65.494;-65.494
0;1;8;17.76;-17.76
0;1;9;21.566;-21.566
0;1;10;22.426;-22.426
0;1;11;23.736;-23.736
0;1;12;44.218;-44.218
0;1;13;24.357;-24.357
0;1;14;27.297;-27.297
0;1;15;25.279;-25.279
0;1;16;23.423;-23.423
0;1;17;22.849;-7.918
0;1;18;53.085;-53.085
0;1;19;51.668;-51.668
0;1;20;55.665;-55.665
0;1;21;49.874;-49.874
0;1;22;7.812;-7.812
0;1;23;7.084;-7.084
0;1;24;7.043;-7.043
0;1;25;6.415;-6.415
0;1;26;6.533;-6.533
0;1;27;8.275;-8.275
0;1;28;6.929;-6.929
0;1;29;7.2;-7.2
0;1;30;63.102;-63.102
0;1;31;71.825;0.0
0;1;32;21.812;0.0
0;1;33;21.819;0.0
0;1;34;21.421;0.0
0;1;35;23.022;0.0
0;1;36;48.707;0.0
0;1;37;18.951;0.0
0;1;38;23.51;0.0
0;1;39;19.175;26.249
0;1;40;25.986;-25.986
0;1;41;20.592;611.684
0;1;42;53.205;-53.205
0;1;43;54.638;-54.638
0;1;44;55.705;-55.705
0;1;45;61.841;-61.841
0;1;46;9.56;-9.56
0;1;47;6.72;-6.72
0;1;48;8.018;-8.018
0;1;49;9.003;-9.003
0;1;50;8.723;-8.723
0;1;51;10.279;-10.279
0;1;52;9.06;-9.06
0;1;53;11.591;-11.591
0;1;54;7.664;-7.664
0;1;55;116.585;-116.585
0;1;56;113.528;-113.528
0;1;57;21.98;-21.98
0;1;58;25.534;0.0
0;1;59;22.307;0.0
0;1;60;21.439;0.0
0;1;61;19.081;0.0
0;1;62;24.941;0.0
0;1;63;63.062;512.025
0;1;64;63.125;30.037
0;1;65;14.354;-14.354
0;1;66;17.604;-17.604
0;1;67;13.192;-13.192
0;1;68;40.08;-40.08
0;1;69;35.159;-35.159
0;1;70;43.288;-43.288
0;1;71;9.65;-9.65
0;1;72;9.034;-9.034
0;1;73;9.578;-9.578
0;1;74;11.802;-11.802
0;1;75;10.606;-10.606
0;1;76;10.663;-10.663
0;1;77;8.785;-8.785
0;1;78;7.619;-7.619
0;1;79;122.698;-122.698
0;1;80;116.832;-116.832
0;1;81;22.633;0.0
0;1;82;23.475;0.0
0;1;83;23.214;0.0
0;1;84;19.058;0.0
0;1;85;25.296;0.0
0;1;86;19.632;0.0
0;1;87;65.285;472.814
0;1;88;60.367;-60.367
0;1;89;12.008;-12.008
0;1;90;14.895;-14.895
0;1;91;15.33;-15.33
0;1;92;36.63;-36.63
0;1;93;43.441;-43.441
0;1;94;40.011;-40.011
0;1;95;8.415;-8.415
0;1;96;6.785;-6.785
0;1;97;7.784;-7.784
0;1;98;5.978;-5.978
0;1;99;8.36;-8.36
0;1;100;7.649;-7.649
0;1;101;6.854;-6.854
0;1;102;59.355;-59.355
0;1;103;74.291;-74.291
0;1;104;22.387;-22.387
0;1;105;21.908;0.0
0;1;106;21.536;0.0
0;1;107;25.228;0.0
0;1;108;46.61;0.0
0;1;109;20.108;0.0
0;1;110;25.576;0.0
0;1;111;20.511;0.0
0;1;112;23.724;0.0
0;1;113;20.798;399.045
0;1;114;55.785;-55.785
0;1;115;53.591;-53.591
0;1;116;51.436;-51.436
0;1;117;50.226;-50.226
0;1;118;8.771;-8.771
0;1;119;6.756;-6.756
0;1;120;7.068;-7.068
0;1;121;7.051;-7.051
0;1;122;7.025;-7.025
0;1;123;6.352;-6.352
0;1;124;8.204;-8.204
0;1;125;7.818;-7.818
0;1;126;63.369;-63.369
0;1;127;73.837;-22.465
0;1;128;17.482;-17.482
0;1;129;23.079;0.0
0;1;130;28.206;0.0
0;1;131;21.104;0.0
0;1;132;43.307;0.0
0;1;133;23.719;0.0
0;1;134;21.002;0.0
0;1;135;22.398;0.0
0;1;136;19.141;0.0
0;1;137;21.768;463.96
0;1;138;54.654;-54.654
0;1;139;56.797;-56.797
0;1;140;53.163;-53.163
0;1;141;49.209;-49.209
0;1;142;8.454;-8.454
0;1;143;6.528;-6.528
0;1;144;7.346;-7.346
0;1;145;6.264;-6.264
0;1;146;7.27;-7.27
0;1;147;8.959;-8.959
0;1;148;8.028;-8.028
0;1;149;6.484;-6.484
0;1;150;59.688;-59.688
0;1;151;75.419;-75.419
0;1;152;21.771;-21.771
0;1;153;22.98;0.0
0;1;154;21.092;0.0
0;1;155;21.182;0.0
0;1;156;47.978;0.0
0;1;157;20.145;0.0
0;1;158;23.405;0.0
0;1;159;21.208;703.903
0;1;160;25.051;-25.051
0;1;161;22.773;506.189
0;1;162;55.652;-55.652
0;1;163;50.882;-50.882
0;1;164;54.487;-54.487
0;1;165;52.668;-52.668
0;1;166;7.294;-7.294
0;1;167;7.247;-7.247
0;2;0;164.095;-164.095
0;2;1;184.909;-184.909
0;2;2;203.392;521.719
0;2;3;230.556;-230.556
0;2;4;245.584;49.898
0;2;5;265.574;459.537
0;2;6;370.321;-370.321
0;2;7;375.557;-375.557
0;2;8;329.099;-329.099
0;2;9;331.669;-182.003
0;2;10;310.223;0.0
0;2;11;281.669;0.0
0;2;12;232.535;492.576
0;2;13;157.93;567.181
0;2;14;136.61;588.501
0;2;15;114.552;610.559
0;2;16;109.979;97.569
0;2;17;106.491;23.023
0;2;18;205.141;-205.141
0;2;19;226.502;248.906
0;2;20;239.707;23.023
0;2;21;266.523;-266.523
0;2;22;239.476;80.553
0;2;23;288.893;-288.893
0;2;24;343.462;-343.462
0;2;25;369.36;-369.36
0;2;26;390.457;-390.457
0;2;27;423.509;-423.509
0;2;28;439.026;286.085
0;2;29;468.212;-468.212
0;2;30;562.825;0.0
0;2;31;568.758;0.0
0;2;32;511.429;0.0
0;2;33;493.257;0.0
0;2;34;444.749;9.849
0;2;35;395.281;329.83
0;2;36;335.676;389.435
0;2;37;240.587;484.524
0;2;38;183.805;541.306
0;2;39;137.641;587.471
0;2;40;100.581;-100.581
0;2;41;101.082;145.392
0;2;42;156.204;-156.204
0;2;43;192.488;-192.488
0;2;44;217.334;-217.334
0;2;45;213.431;-213.431
0;2;46;183.168;-183.168
0;2;47;208.385;-208.385
0;2;48;209.737;-209.737
0;2;49;228.387;-228.387
0;2;50;237.239;-237.239
0;2;51;248.171;-248.171
0;2;52;254.851;-72.86
0;2;53;263.345;0.0
0;2;54;249.658;0.0
0;2;55;384.683;0.0
0;2;56;384.236;0.0
0;2;57;247.508;0.0
0;2;58;223.896;0.0
0;2;59;202.545;148.481
0;2;60;161.076;564.035
0;2;61;138.728;586.383
0;2;62;111.83;14.078
0;2;63;144.878;580.233
0;2;64;132.884;-132.884
0;2;65;61.601;-61.601
0;2;66;72.404;-72.404
0;2;67;87.616;-87.616
0;2;68;129.736;-129.736
0;2;69;145.956;-145.956
0;2;70;149.403;-149.403
0;2;71;145.959;-145.959
0;2;72;179.6;-179.6
0;2;73;190.68;-190.68
0;2;74;200.501;-200.501
0;2;75;209.469;-209.469
0;2;76;215.984;-16.029
0;2;77;227.37;0.0
0;2;78;232.338;0.0
0;2;79;378.434;0.0
0;2;80;395.329;258.361
0;2;81;255.777;-255.777
0;2;82;238.235;486.876
0;2;83;189.836;535.275
0;2;84;144.251;-129.223
0;2;85;112.214;-112.214
0;2;86;109.26;502.396
0;2;87;157.561;-157.561
0;2;88;143.733;40.25
0;2;89;95.261;-95.261
0;2;90;122.949;-122.949
0;2;91;125.595;-125.595
0;2;92;164.437;560.674
0;2;93;187.159;-187.159
0;2;94;207.922;-207.922
0;2;95;193.092;-193.092
0;2;96;326.081;-326.081
0;2;97;333.838;-333.838
0;2;98;349.655;0.0
0;2;99;357.387;367.725
0;2;100;376.184;32.026
0;2;101;392.113;-392.113
0;2;102;479.367;0.0
0;2;103;475.04;0.0
0;2;104;413.209;0.0
0;2;105;399.675;96.849
0;2;106;360.653;364.458
0;2;107;338.418;6.955
0;2;108;344.746;97.514
0;2;109;276.057;-137.598
0;2;110;281.438;-137.458
0;2;111;268.132;-268.132
0;2;112;279.575;0.0
0;2;113;264.133;0.0
0;2;114;324.681;0.0
0;2;115;339.143;0.0
0;2;116;362.777;0.0
0;2;117;353.618;0.0
0;2;118;313.263;0.0
0;2;119;335.252;389.859
0;2;120;373.818;-373.818
0;2;121;386.281;338.831
0;2;122;406.997;-347.343
0;2;123;419.879;0.0
0;2;124;429.727;0.0
0;2;125;438.146;0.0
0;2;126;518.139;0.0
0;2;127;500.635;0.0
0;2;128;432.825;0.0
0;2;129;415.391;309.72
0;2;130;400.336;-306.623
0;2;131;375.843;0.0
0;2;132;353.855;371.256
0;2;133;281.128;443.983
0;2;134;260.545;464.566
0;2;135;241.24;261.198
0;2;136;238.704;-238.704
0;2;137;248.195;-248.195
0;2;138;300.053;-300.053
0;2;139;310.814;414.297
0;2;140;329.497;-329.497
0;2;141;351.646;-351.646
0;2;142;310.06;-54.111
0;2;143;337.876;-337.876
0;2;144;370.755;0.0
0;2;145;381.757;0.0
0;2;146;397.652;0.0
0;2;147;408.054;0.0
0;2;148;419.849;0.0
0;2;149;423.563;0.0
0;2;150;504.918;0.0
0;2;151;507.053;0.0
0;2;152;426.249;298.862
0;2;153;419.109;-295.874
0;2;154;405.397;0.0
0;2;155;379.519;0.0
0;2;156;381.789;0.0
0;2;157;299.428;68.721
0;2;158;263.111;394.234
0;2;159;244.225;-229.951
0;2;160;225.416;-225.416
0;2;161;217.233;0.0
0;2;162;268.649;0.0
0;2;163;280.659;0.0
0;2;164;277.648;0.0
0;2;165;274.638;0.0
0;2;166;232.205;411.746
0;2;167;250.756;474.355
0;3;0;747.518;-22.407
0;3;1;756.937;-31.826
0;3;2;764.147;-39.036
0;3;3;773.483;-48.372
0;3;4;782.411;-57.3
0;3;5;805.421;-80.31
0;3;6;894.707;-169.596
0;3;7;885.305;-160.193
0;3;8;805.08;-79.969
0;3;9;791.611;-66.5
0;3;10;777.515;-52.404
0;3;11;758.447;-13.803
0;3;12;755.272;0.0
0;3;13;677.221;47.891
0;3;14;602.574;122.537
0;3;15;571.136;153.975
0;3;16;552.76;172.351
0;3;17;553.832;171.279
0;3;18;625.131;99.98
0;3;19;653.275;71.836
0;3;20;689.886;35.225
0;3;21;708.58;16.531
0;3;22;650.252;74.859
0;3;23;679.644;45.467
0;3;24;727.007;-1.896
0;3;25;750.039;-24.928
0;3;26;765.723;-40.612
0;3;27;778.903;-53.791
0;3;28;793.228;-68.117
0;3;29;806.979;-81.868
0;3;30;912.315;-187.204
0;3;31;895.827;-170.716
0;3;32;817.565;-92.454
0;3;33;808.05;-82.939
0;3;34;779.524;32.347
0;3;35;758.972;-33.861
0;3;36;765.478;-40.367
0;3;37;705.623;74.721
0;3;38;698.883;26.228
0;3;39;711.907;13.204
0;3;40;696.192;28.919
0;3;41;710.418;14.693
0;3;42;757.959;-32.848
0;3;43;774.469;-49.358
0;3;44;781.346;-56.235
0;3;45;770.815;-45.704
0;3;46;697.62;0.0
0;3;47;693.595;0.0
0;3;48;615.174;0.0
0;3;49;595.633;0.0
0;3;50;582.915;0.0
0;3;51;567.292;0.0
0;3;52;568.298;0.0
0;3;53;565.19;0.0
0;3;54;558.826;0.24
0;3;55;708.988;16.123
0;3;56;741.308;-16.197
0;3;57;584.544;0.0
0;3;58;580.992;0.0
0;3;59;572.754;0.0
0;3;60;554.056;0.0
0;3;61;528.696;196.415
0;3;62;502.649;-106.733
0;3;63;542.39;-86.84
0;3;64;529.558;160.395
0;3;65;457.842;267.27
0;3;66;470.368;254.744
0;3;67;473.061;252.05
0;3;68;526.716;198.395
0;3;69;538.431;-538.431
0;3;70;555.849;-555.849
0;3;71;520.898;0.0
0;3;72;546.864;118.096
0;3;73;548.056;177.055
0;3;74;561.732;163.379
0;3;75;577.992;147.119
0;3;76;576.837;148.274
0;3;77;581.49;143.621
0;3;78;580.38;144.731
0;3;79;779.79;-54.679
0;3;80;775.468;-50.357
0;3;81;620.468;104.643
0;3;82;618.67;106.441
0;3;83;611.645;113.466
0;3;84;596.713;128.398
0;3;85;576.781;148.33
0;3;86;577.89;147.222
0;3;87;610.777;144.312
0;3;88;617.321;107.79
0;3;89;542.474;182.637
0;3;90;573.101;152.011
0;3;91;601.519;123.592
0;3;92;659.228;65.884
0;3;93;667.503;57.608
0;3;94;698.481;26.63
0;3;95;669.659;55.453
0;3;96;817.302;-92.191
0;3;97;831.001;-105.89
0;3;98;844.148;-119.037
0;3;99;860.88;-135.769
0;3;100;858.939;-133.828
0;3;101;851.239;-126.128
0;3;102;926.489;-201.378
0;3;103;928.209;-203.098
0;3;104;832.91;-107.799
0;3;105;809.128;-84.017
0;3;106;814.654;-89.542
0;3;107;810.663;-85.552
0;3;108;845.705;-120.594
0;3;109;788.74;-63.629
0;3;110;772.594;-47.483
0;3;111;770.119;-45.008
0;3;112;743.929;-18.818
0;3;113;742.41;-17.299
0;3;114;801.676;-76.565
0;3;115;789.885;-64.774
0;3;116;796.807;-71.696
0;3;117;782.462;-57.351
0;3;118;713.302;29.403
0;3;119;728.454;83.808
0;3;120;751.189;61.073
0;3;121;755.41;56.852
0;3;122;771.42;40.842
0;3;123;788.972;23.29
0;3;124;812.9;-0.638
0;3;125;835.503;-23.241
0;3;126;930.354;-118.092
0;3;127;920.205;-107.942
0;3;128;833.42;-21.158
0;3;129;836.21;-23.948
0;3;130;807.237;5.025
0;3;131;794.831;17.431
0;3;132;824.837;-12.575
0;3;133;743.513;68.749
0;3;134;737.11;75.152
0;3;135;732.252;80.01
0;3;136;721.364;90.898
0;3;137;728.568;83.694
0;3;138;802.149;10.113
0;3;139;800.479;11.783
0;3;140;817.988;-5.726
0;3;141;823.083;-10.821
0;3;142;772.657;39.605
0;3;143;791.223;21.039
0;3;144;812.513;-0.251
0;3;145;827.764;-15.501
0;3;146;832.992;-20.73
0;3;147;843.867;-31.605
0;3;148;851.447;-39.185
0;3;149;856.429;-44.166
0;3;150;948.79;-136.528
0;3;151;915.666;-103.403
0;3;152;834.925;-22.663
0;3;153;795.655;0.0
0;3;154;761.563;0.0
0;3;155;716.426;8.685
0;3;156;721.153;3.958
0;3;157;662.465;62.646
0;3;158;652.748;72.363
0;3;159;652.916;72.196
0;3;160;626.384;98.728
0;3;161;615.57;109.542
0;3;162;684.712;40.399
0;3;163;657.325;67.787
0;3;164;667.074;58.037
0;3;165;655.13;69.981
0;3;166;585.806;139.305
0;3;167;605.25;119.861
5;0;0;506.188;218.923
5;0;1;529.046;196.065
5;0;2;558.209;-45.722
5;0;3;577.129;147.982
5;0;4;591.203;133.908
5;0;5;599.852;125.26
5;0;6;692.479;32.632
5;0;7;670.522;54.589
5;0;8;567.454;157.657
5;0;9;521.838;-521.838
5;0;10;466.471;-466.471
5;0;11;430.44;-430.44
5;0;12;432.217;5.548
5;0;13;369.888;355.224
5;0;14;335.178;324.62
5;0;15;340.801;-340.801
5;0;16;330.77;-330.77
5;0;17;321.843;403.268
5;0;18;380.927;344.184
5;0;19;394.192;330.919
5;0;20;405.695;319.416
5;0;21;439.532;285.579
5;0;22;422.083;303.028
5;0;23;453.743;-453.743
5;0;24;500.55;74.574
5;0;25;520.919;204.192
5;0;26;545.294;179.817
5;0;27;563.314;161.797
5;0;28;582.2;142.911
5;0;29;593.504;131.607
5;0;30;706.177;18.934
5;0;31;720.239;4.872
5;0;32;628.048;97.063
5;0;33;626.044;-301.866
5;0;34;598.296;-220.552
5;0;35;570.896;-272.294
5;0;36;588.163;-335.647
5;0;37;550.161;-399.858
5;0;38;537.406;-316.158
5;0;39;526.029;-56.319
5;0;40;501.772;-300.468
5;0;41;485.058;0.0
5;0;42;529.442;0.0
5;0;43;547.796;0.0
5;0;44;563.044;0.0
5;0;45;577.79;0.0
5;0;46;501.803;0.0
5;0;47;524.67;0.0
5;0;48;480.369;0.0
5;0;49;480.745;0.0
5;0;50;486.902;0.0
5;0;51;494.364;111.96
5;0;52;498.508;226.603
5;0;53;503.82;221.291
5;0;54;507.765;217.346
5;0;55;679.389;45.722
5;0;56;673.504;51.607
5;0;57;504.352;-504.352
5;0;58;490.11;-332.56
5;0;59;443.505;146.606
5;0;60;407.375;317.736
5;0;61;374.858;-374.858
5;0;62;358.658;-82.555
5;0;63;392.79;332.322
5;0;64;344.461;380.65
5;0;65;248.566;-248.566
5;0;66;241.909;-241.909
5;0;67;242.551;482.56
5;0;68;293.504;-293.504
5;0;69;301.445;-301.445
5;0;70;312.044;-81.493
5;0;71;286.98;0.0
5;0;72;315.058;410.053
5;0;73;329.736;-236.489
5;0;74;346.624;378.487
5;0;75;355.455;369.656
5;0;76;357.686;367.425
5;0;77;363.982;361.129
5;0;78;366.068;359.044
5;0;79;531.042;194.069
5;0;80;536.002;189.109
5;0;81;366.967;-366.967
5;0;82;353.102;-353.102
5;0;83;324.279;-324.279
5;0;84;312.536;-312.536
5;0;85;287.385;-287.385
5;0;86;281.35;-281.35
5;0;87;339.255;-140.393
5;0;88;313.699;-147.776
5;0;89;232.831;492.28
5;0;90;288.103;437.008
5;0;91;295.947;429.164
5;0;92;370.465;354.646
5;0;93;361.863;363.248
5;0;94;412.061;-203.049
5;0;95;380.962;344.149
5;0;96;536.028;189.083
5;0;97;553.223;23.023
5;0;98;582.405;-57.265
5;0;99;606.253;-606.253
5;0;100;621.968;-621.968
5;0;101;636.819;88.292
5;0;102;736.731;-11.62
5;0;103;741.182;-16.071
5;0;104;660.095;-660.095
5;0;105;631.006;94.105
5;0;106;585.121;139.991
5;0;107;562.836;-481.967
5;0;108;580.562;144.549
5;0;109;528.269;3.077
5;0;110;517.744;207.368
5;0;111;500.374;-402.101
5;0;112;478.728;246.383
5;0;113;447.332;277.779
5;0;114;498.636;-498.636
5;0;115;477.543;247.568
5;0;116;502.007;223.104
5;0;117;526.87;198.241
5;0;118;490.791;234.321
5;0;119;524.731;200.38
5;0;120;585.641;139.47
5;0;121;595.393;129.718
5;0;122;620.581;104.53
5;0;123;628.853;96.259
5;0;124;635.191;89.92
5;0;125;654.944;70.167
5;0;126;742.401;-17.29
5;0;127;729.352;-4.24
5;0;128;662.644;62.467
5;0;129;654.873;-654.873
5;0;130;621.212;-199.694
5;0;131;591.405;-322.519
5;0;132;590.916;-423.309
5;0;133;520.8;0.0
5;0;134;508.259;216.852
5;0;135;497.982;-93.598
5;0;136;482.671;242.44
5;0;137;484.005;60.712
5;0;138;540.408;184.704
5;0;139;545.491;179.62
5;0;140;562.895;162.216
5;0;141;573.515;151.596
5;0;142;510.984;214.127
5;0;143;579.523;-579.523
5;0;144;629.84;-629.84
5;0;145;640.415;84.696
5;0;146;660.82;64.291
5;0;147;670.395;54.716
5;0;148;685.633;39.478
5;0;149;696.139;28.972
5;0;150;789.223;-64.111
5;0;151;769.973;-44.862
5;0;152;687.338;37.773
5;0;153;685.247;39.864
5;0;154;663.403;-264.338
5;0;155;632.099;93.012
5;0;156;622.875;102.236
5;0;157;543.822;181.289
5;0;158;509.213;215.898
5;0;159;483.965;241.146
5;0;160;441.835;283.277
5;0;161;429.342;-59.979
5;0;162;466.96;258.151
5;0;163;478.304;246.807
5;0;164;498.552;226.559
5;0;165;538.343;-538.343
5;0;166;486.416;-107.443
5;0;167;518.749;-518.749
5;1;0;6.184;-6.184
5;1;1;5.811;-5.811
5;1;2;7.08;-7.08
5;1;3;6.766;-6.766
5;1;4;5.814;-5.814
5;1;5;7.202;-7.202
5;1;6;62.28;-62.28
5;1;7;58.736;-58.736
5;1;8;15.928;-15.928
5;1;9;19.341;-19.341
5;1;10;20.112;-20.112
5;1;11;21.287;-21.287
5;1;12;39.656;-39.656
5;1;13;21.843;-21.843
5;1;14;24.48;-24.48
5;1;15;22.671;-22.671
5;1;16;21.006;-21.006
5;1;17;20.491;248.19
5;1;18;47.608;-47.608
5;1;19;46.337;-46.337
5;1;20;49.921;-49.921
5;1;21;44.728;-44.728
5;1;22;7.006;-7.006
5;1;23;6.353;-6.353
5;1;24;6.316;-6.316
5;1;25;5.753;-5.753
5;1;26;5.859;-5.859
5;1;27;7.421;-7.421
5;1;28;6.214;-6.214
5;1;29;6.457;-6.457
5;1;30;56.591;-56.591
5;1;31;64.414;-21.635
5;1;32;19.562;0.0
5;1;33;19.568;0.0
5;1;34;19.211;0.0
5;1;35;20.646;0.0
5;1;36;43.681;0.0
5;1;37;16.995;0.0
5;1;38;21.084;0.0
5;1;39;17.197;23.54
5;1;40;23.305;-23.305
5;1;41;18.467;548.569
5;1;42;47.716;-47.716
5;1;43;49.0;-49.0
5;1;44;49.957;-49.957
5;1;45;55.46;-55.46
5;1;46;8.574;-8.574
5;1;47;6.027;-6.027
5;1;48;7.191;-7.191
5;1;49;8.074;-8.074
5;1;50;7.823;-7.823
5;1;51;9.218;-9.218
5;1;52;8.126;-8.126
5;1;53;10.395;-10.395
5;1;54;6.873;-6.873
5;1;55;104.556;-104.556
5;1;56;101.814;-101.814
5;1;57;19.712;-19.712
5;1;58;22.899;0.0
5;1;59;20.006;0.0
5;1;60;19.227;0.0
5;1;61;17.113;0.0
5;1;62;22.368;0.0
5;1;63;56.555;543.587
5;1;64;56.611;-56.611
5;1;65;12.873;-12.873
5;1;66;15.788;-15.788
5;1;67;11.831;-11.831
5;1;68;35.944;-35.944
5;1;69;31.532;-31.532
5;1;70;38.821;-38.821
5;1;71;8.654;-8.654
5;1;72;8.102;-8.102
5;1;73;8.59;-8.59
5;1;74;10.585;-10.585
5;1;75;9.512;-9.512
5;1;76;9.563;-9.563
5;1;77;7.878;-7.878
5;1;78;6.832;-6.832
5;1;79;110.038;-110.038
5;1;80;104.777;-104.777
5;1;81;20.297;0.0
5;1;82;21.053;0.0
5;1;83;20.818;0.0
5;1;84;17.092;0.0
5;1;85;22.686;0.0
5;1;86;17.607;0.0
5;1;87;58.548;424.028
5;1;88;54.138;-54.138
5;1;89;10.769;-10.769
5;1;90;13.358;-13.358
5;1;91;13.748;-13.748
5;1;92;32.85;-32.85
5;1;93;38.959;-38.959
5;1;94;35.883;-35.883
5;1;95;7.547;-7.547
5;1;96;6.085;-6.085
5;1;97;6.98;-6.98
5;1;98;5.361;-5.361
5;1;99;7.497;-7.497
5;1;100;6.859;-6.859
5;1;101;6.147;-6.147
5;1;102;53.23;-53.23
5;1;103;66.625;-66.625
5;1;104;20.077;-20.077
5;1;105;19.648;0.0
5;1;106;19.314;0.0
5;1;107;22.625;0.0
5;1;108;41.801;0.0
5;1;109;18.033;0.0
5;1;110;22.937;0.0
5;1;111;18.395;0.0
5;1;112;21.276;0.0
5;1;113;18.652;351.769
5;1;114;50.029;-50.029
5;1;115;48.061;-48.061
5;1;116;46.129;-46.129
5;1;117;45.044;-45.044
5;1;118;7.866;-7.866
5;1;119;6.059;-6.059
5;1;120;6.338;-6.338
5;1;121;6.324;-6.324
5;1;122;6.3;-6.3
5;1;123;5.696;-5.696
5;1;124;7.358;-7.358
5;1;125;7.011;-7.011
5;1;126;56.831;-56.831
5;1;127;66.218;-14.846
5;1;128;15.678;-15.678
5;1;129;20.698;0.0
5;1;130;25.296;0.0
5;1;131;18.927;0.0
5;1;132;38.838;0.0
5;1;133;21.271;0.0
5;1;134;18.835;0.0
5;1;135;20.087;0.0
5;1;136;17.166;0.0
5;1;137;19.522;416.087
5;1;138;49.015;-49.015
5;1;139;50.937;-50.937
5;1;140;47.678;-47.678
5;1;141;44.131;-44.131
5;1;142;7.581;-7.581
5;1;143;5.855;-5.855
5;1;144;6.588;-6.588
5;1;145;5.618;-5.618
5;1;146;6.52;-6.52
5;1;147;8.034;-8.034
5;1;148;7.2;-7.2
5;1;149;5.815;-5.815
5;1;150;53.53;-53.53
5;1;151;67.637;-67.637
5;1;152;19.524;-19.524
5;1;153;20.609;0.0
5;1;154;18.915;0.0
5;1;155;18.997;0.0
5;1;156;43.027;0.0
5;1;157;18.066;0.0
5;1;158;20.99;0.0
5;1;159;19.02;706.091
5;1;160;22.466;-22.466
5;1;161;20.424;87.397
5;1;162;49.909;-49.909
5;1;163;45.632;-45.632
5;1;164;48.865;-48.865
5;1;165;47.234;-47.234
5;1;166;6.541;-6.541
5;1;167;6.499;-6.499
5;2;0;147.164;-147.164
5;2;1;165.83;-165.83
5;2;2;182.406;542.705
5;2;3;206.767;-206.767
5;2;4;220.244;110.952
5;2;5;238.171;486.94
5;2;6;332.111;-332.111
5;2;7;336.806;-336.806
5;2;8;295.142;-295.142
5;2;9;297.447;-118.111
5;2;10;278.214;0.0
5;2;11;252.605;0.0
5;2;12;208.541;400.373
5;2;13;141.635;583.477
5;2;14;122.515;602.596
5;2;15;102.732;622.379
5;2;16;98.631;144.811
5;2;17;95.503;23.023
5;2;18;183.974;-183.974
5;2;19;203.131;227.95
5;2;20;214.973;23.023
5;2;21;239.023;-239.023
5;2;22;214.767;-214.767
5;2;23;259.084;-259.084
5;2;24;308.023;-308.023
5;2;25;331.249;-331.249
5;2;26;350.169;-350.169
5;2;27;379.811;-379.811
5;2;28;393.727;307.574
5;2;29;419.901;-419.901
5;2;30;504.752;0.0
5;2;31;510.073;0.0
5;2;32;458.659;0.0
5;2;33;442.362;0.0
5;2;34;398.859;0.0
5;2;35;354.495;244.937
5;2;36;301.041;424.07
5;2;37;215.763;509.348
5;2;38;164.839;560.272
5;2;39;123.439;601.673
5;2;40;90.203;-90.203
5;2;41;90.652;135.117
5;2;42;140.087;-140.087
5;2;43;172.627;-172.627
5;2;44;194.909;-194.909
5;2;45;191.409;-191.409
5;2;46;164.268;-164.268
5;2;47;186.884;-186.884
5;2;48;188.096;-188.096
5;2;49;204.822;-204.822
5;2;50;212.761;-212.761
5;2;51;222.564;-222.564
5;2;52;228.555;-228.555
5;2;53;236.172;-48.986
5;2;54;223.898;0.0
5;2;55;344.99;0.0
5;2;56;344.59;0.0
5;2;57;221.97;0.0
5;2;58;200.794;0.0
5;2;59;181.646;209.494
5;2;60;144.456;580.655
5;2;61;124.414;600.697
5;2;62;100.291;120.598
5;2;63;129.929;595.182
5;2;64;119.172;-119.172
5;2;65;55.245;-55.245
5;2;66;64.933;-64.933
5;2;67;78.576;-78.576
5;2;68;116.349;-116.349
5;2;69;130.896;-130.896
5;2;70;133.987;-133.987
5;2;71;130.899;-130.899
5;2;72;161.069;-161.069
5;2;73;171.005;-171.005
5;2;74;179.813;-179.813
5;2;75;187.855;-187.855
5;2;76;193.698;-193.698
5;2;77;203.909;-170.805
5;2;78;208.365;0.0
5;2;79;339.386;0.0
5;2;80;354.539;231.703
5;2;81;229.386;-229.386
5;2;82;213.653;511.458
5;2;83;170.249;554.862
5;2;84;129.367;1.023
5;2;85;100.635;-100.635
5;2;86;97.986;513.67
5;2;87;141.304;-141.304
5;2;88;128.903;-128.903
5;2;89;85.432;-85.432
5;2;90;110.263;-110.263
5;2;91;112.636;-112.636
5;2;92;147.47;577.641
5;2;93;167.847;-167.847
5;2;94;186.468;-186.468
5;2;95;173.169;-173.169
5;2;96;292.436;-292.436
5;2;97;299.392;-299.392
5;2;98;313.577;-206.778
5;2;99;320.511;404.6
5;2;100;337.368;-45.349
5;2;101;351.654;-351.654
5;2;102;429.905;0.0
5;2;103;426.025;0.0
5;2;104;370.573;0.0
5;2;105;358.435;0.0
5;2;106;323.441;401.671
5;2;107;303.499;-58.687
5;2;108;309.174;133.085
5;2;109;247.573;-109.114
5;2;110;252.399;-108.419
5;2;111;240.466;-240.466
5;2;112;250.728;0.0
5;2;113;236.88;0.0
5;2;114;291.18;0.0
5;2;115;304.15;0.0
5;2;116;325.345;0.0
5;2;117;317.131;0.0
5;2;118;280.94;0.0
5;2;119;300.661;424.451
5;2;120;335.247;-335.247
5;2;121;346.423;284.58
5;2;122;365.003;-365.003
5;2;123;376.555;0.0
5;2;124;385.387;0.0
5;2;125;392.937;0.0
5;2;126;464.676;0.0
5;2;127;448.978;0.0
5;2;128;388.165;0.0
5;2;129;372.53;352.315
5;2;130;359.029;-348.792
5;2;131;337.063;0.0
5;2;132;317.344;407.767
5;2;133;252.12;472.991
5;2;134;233.661;491.45
5;2;135;216.349;182.634
5;2;136;214.074;-214.074
5;2;137;222.586;-222.586
5;2;138;269.093;-269.093
5;2;139;278.744;446.367
5;2;140;295.499;-295.499
5;2;141;315.362;-315.362
5;2;142;278.067;-278.067
5;2;143;303.013;-303.013
5;2;144;332.5;0.0
5;2;145;342.366;0.0
5;2;146;356.622;0.0
5;2;147;365.95;0.0
5;2;148;376.528;0.0
5;2;149;379.859;0.0
5;2;150;452.819;0.0
5;2;151;454.735;0.0
5;2;152;382.268;342.843
5;2;153;375.865;-339.415
5;2;154;363.567;0.0
5;2;155;340.36;0.0
5;2;156;342.396;0.0
5;2;157;268.532;187.308
5;2;158;235.963;242.065
5;2;159;219.025;-219.025
5;2;160;202.158;-202.158
5;2;161;194.818;0.0
5;2;162;240.929;0.0
5;2;163;251.7;0.0
5;2;164;249.0;0.0
5;2;165;246.3;0.0
5;2;166;208.246;14.825
5;2;167;224.883;500.228
5;3;0;670.388;-500.902
5;3;1;678.835;46.277
5;3;2;685.301;39.81
5;3;3;693.674;31.437
5;3;4;701.681;23.431
5;3;5;722.317;2.795
5;3;6;802.39;-77.278
5;3;7;793.957;-68.846
5;3;8;722.011;0.0
5;3;9;709.931;0.0
5;3;10;697.289;0.0
5;3;11;680.189;0.0
5;3;12;677.342;0.0
5;3;13;607.344;117.767
5;3;14;540.399;184.712
5;3;15;512.205;212.906
5;3;16;495.725;229.386
5;3;17;496.687;228.425
5;3;18;560.629;164.482
5;3;19;585.869;-585.869
5;3;20;618.702;-509.327
5;3;21;635.467;0.0
5;3;22;583.158;141.953
5;3;23;609.517;115.594
5;3;24;651.993;73.118
5;3;25;672.649;-215.223
5;3;26;686.714;38.397
5;3;27;698.534;26.577
5;3;28;711.381;13.73
5;3;29;723.713;1.398
5;3;30;818.181;-93.07
5;3;31;803.394;-78.283
5;3;32;733.207;-8.096
5;3;33;724.674;0.0
5;3;34;699.091;0.0
5;3;35;680.66;0.0
5;3;36;686.495;38.616
5;3;37;632.816;-38.23
5;3;38;626.771;0.0
5;3;39;638.451;0.0
5;3;40;624.358;0.0
5;3;41;637.116;0.0
5;3;42;679.752;0.0
5;3;43;694.558;0.0
5;3;44;700.725;0.0
5;3;45;691.281;0.0
5;3;46;625.638;0.0
5;3;47;622.029;0.0
5;3;48;551.7;0.0
5;3;49;534.174;0.0
5;3;50;522.769;0.0
5;3;51;508.758;0.0
5;3;52;509.66;0.0
5;3;53;506.873;0.0
5;3;54;501.165;0.0
5;3;55;635.834;0.0
5;3;56;664.818;0.0
5;3;57;524.23;0.0
5;3;58;521.044;0.0
5;3;59;513.656;0.0
5;3;60;496.888;0.0
5;3;61;474.144;250.967
5;3;62;450.784;-248.457
5;3;63;486.425;0.0
5;3;64;474.917;0.0
5;3;65;410.601;314.51
5;3;66;421.834;303.277
5;3;67;424.25;300.861
5;3;68;472.369;96.106
5;3;69;482.875;-482.875
5;3;70;498.496;-498.496
5;3;71;467.151;0.0
5;3;72;490.438;0.0
5;3;73;491.507;0.0
5;3;74;503.771;0.0
5;3;75;518.354;0.0
5;3;76;517.318;0.0
5;3;77;521.491;0.0
5;3;78;520.496;204.616
5;3;79;699.33;-202.569
5;3;80;695.454;0.0
5;3;81;556.447;0.0
5;3;82;554.834;0.0
5;3;83;548.535;0.0
5;3;84;535.143;0.0
5;3;85;517.267;207.844
5;3;86;518.262;206.849
5;3;87;547.756;207.333
5;3;88;553.625;171.486
5;3;89;486.5;238.611
5;3;90;513.967;211.144
5;3;91;539.453;-444.566
5;3;92;591.207;-591.207
5;3;93;598.629;126.482
5;3;94;626.411;98.7
5;3;95;600.562;124.549
5;3;96;732.972;-7.861
5;3;97;745.257;-20.146
5;3;98;757.047;-31.936
5;3;99;772.053;-46.942
5;3;100;770.312;-45.201
5;3;101;763.407;-38.296
5;3;102;830.892;-105.781
5;3;103;832.435;-107.324
5;3;104;746.969;-21.858
5;3;105;725.641;-0.53
5;3;106;730.596;-5.485
5;3;107;727.018;-1.906
5;3;108;758.444;-33.333
5;3;109;707.356;0.0
5;3;110;692.877;0.0
5;3;111;690.657;0.0
5;3;112;667.169;0.0
5;3;113;665.807;41.317
5;3;114;718.958;6.154
5;3;115;708.383;16.728
5;3;116;714.591;10.52
5;3;117;701.726;23.385
5;3;118;639.702;85.409
5;3;119;653.29;71.821
5;3;120;673.68;51.431
5;3;121;677.466;47.645
5;3;122;691.824;33.288
5;3;123;707.565;17.547
5;3;124;729.023;-3.912
5;3;125;749.294;-24.183
5;3;126;834.358;-109.247
5;3;127;825.256;-100.145
5;3;128;747.426;-22.315
5;3;129;749.928;-24.817
5;3;130;723.945;1.166
5;3;131;712.819;12.292
5;3;132;739.728;-14.617
5;3;133;666.796;58.315
5;3;134;661.054;64.057
5;3;135;656.697;68.414
5;3;136;646.933;78.178
5;3;137;653.393;71.718
5;3;138;719.382;5.729
5;3;139;717.884;7.227
5;3;140;733.587;-8.476
5;3;141;738.156;-13.045
5;3;142;692.933;32.178
5;3;143;709.583;15.528
5;3;144;728.677;-3.565
5;3;145;742.353;-17.242
5;3;146;747.043;-21.932
5;3;147;756.795;-31.684
5;3;148;763.593;-38.482
5;3;149;768.061;-42.95
5;3;150;850.892;-125.781
5;3;151;821.186;-96.074
5;3;152;748.776;-23.665
5;3;153;713.558;0.0
5;3;154;682.984;0.0
5;3;155;642.504;0.0
5;3;156;646.743;0.0
5;3;157;594.111;131.0
5;3;158;585.396;-129.69
5;3;159;585.547;0.0
5;3;160;561.752;0.0
5;3;161;552.054;0.0
5;3;162;614.062;0.0
5;3;163;589.501;0.0
5;3;164;598.244;0.0
5;3;165;587.533;137.578
5;3;166;525.361;199.75
5;3;167;542.799;182.312
10;0;0;461.947;263.164
10;0;1;482.808;242.304
10;0;2;509.421;-509.421
10;0;3;526.688;5.616
10;0;4;539.532;185.579
10;0;5;547.425;177.686
10;0;6;631.956;93.155
10;0;7;611.918;113.193
10;0;8;517.858;207.253
10;0;9;476.23;-476.23
10;0;10;425.702;-425.702
10;0;11;392.819;-392.819
10;0;12;394.441;88.474
10;0;13;337.559;387.552
10;0;14;305.884;353.915
10;0;15;311.015;-311.015
10;0;16;301.861;-301.861
10;0;17;293.714;431.397
10;0;18;347.634;377.477
10;0;19;359.74;365.372
10;0;20;370.237;354.874
10;0;21;401.117;323.994
10;0;22;385.193;-0.846
10;0;23;414.085;-414.085
10;0;24;456.802;-456.802
10;0;25;475.391;249.72
10;0;26;497.635;227.476
10;0;27;514.08;211.031
10;0;28;531.316;193.796
10;0;29;541.632;183.479
10;0;30;644.457;80.654
10;0;31;657.291;67.821
10;0;32;573.157;151.954
10;0;33;571.327;-571.327
10;0;34;546.005;-250.012
10;0;35;521.0;-222.398
10;0;36;536.757;-284.242
10;0;37;502.077;-351.774
10;0;38;490.436;-269.189
10;0;39;480.054;-10.344
10;0;40;457.917;-256.614
10;0;41;442.664;0.0
10;0;42;483.169;0.0
10;0;43;499.919;0.0
10;0;44;513.834;0.0
10;0;45;527.291;0.0
10;0;46;457.945;0.0
10;0;47;478.814;0.0
10;0;48;438.385;0.0
10;0;49;438.728;0.0
10;0;50;444.347;0.0
10;0;51;451.157;0.0
10;0;52;454.939;0.0
10;0;53;459.786;258.176
10;0;54;463.386;261.725
10;0;55;620.01;105.101
10;0;56;614.64;110.471
10;0;57;460.271;-460.271
10;0;58;447.275;-251.518
10;0;59;404.743;223.137
10;0;60;371.771;353.34
10;0;61;342.095;21.332
10;0;62;327.311;114.709
10;0;63;358.46;366.651
10;0;64;314.355;-109.741
10;0;65;226.841;-226.841
10;0;66;220.766;-220.766
10;0;67;221.352;375.488
10;0;68;267.852;-267.852
10;0;69;275.099;-275.099
10;0;70;284.772;-284.772
10;0;71;261.898;0.0
10;0;72;287.522;303.957
10;0;73;300.917;-300.917
10;0;74;316.329;318.323
10;0;75;324.388;400.723
10;0;76;326.425;398.686
10;0;77;332.17;392.941
10;0;78;334.073;391.038
10;0;79;484.629;240.482
10;0;80;489.155;235.956
10;0;81;334.895;-334.895
10;0;82;322.241;-322.241
10;0;83;295.937;-295.937
10;0;84;285.22;-285.22
10;0;85;262.267;-262.267
10;0;86;256.76;-256.76
10;0;87;309.605;-309.605
10;0;88;286.282;-140.87
10;0;89;212.482;512.629
10;0;90;262.923;462.188
10;0;91;270.082;455.029
10;0;92;338.087;387.024
10;0;93;330.236;394.875
10;0;94;376.047;-376.047
10;0;95;347.666;377.445
10;0;96;489.179;196.614
10;0;97;504.872;23.023
10;0;98;531.503;-531.503
10;0;99;553.267;-553.267
10;0;100;567.608;-567.608
10;0;101;581.161;-73.847
10;0;102;672.341;52.77
10;0;103;676.403;48.708
10;0;104;602.402;-602.402
10;0;105;575.856;149.255
10;0;106;533.981;191.13
10;0;107;513.644;-335.503
10;0;108;529.821;61.845
10;0;109;482.098;49.248
10;0;110;472.493;252.618
10;0;111;456.642;-358.368
10;0;112;436.888;176.093
10;0;113;408.236;316.875
10;0;114;455.056;-455.056
10;0;115;435.806;289.305
10;0;116;458.132;266.979
10;0;117;480.822;244.289
10;0;118;447.896;277.216
10;0;119;478.869;246.242
10;0;120;534.456;-534.456
10;0;121;543.356;147.544
10;0;122;566.343;158.768
10;0;123;573.891;151.22
10;0;124;579.675;145.436
10;0;125;597.702;127.409
10;0;126;677.515;47.596
10;0;127;665.606;59.505
10;0;128;604.729;120.382
10;0;129;597.637;-597.637
10;0;130;566.918;-145.4
10;0;131;539.716;-270.83
10;0;132;539.27;-539.27
10;0;133;475.282;-44.133
10;0;134;463.837;261.274
10;0;135;454.459;-50.074
10;0;136;440.486;284.626
10;0;137;441.703;-301.192
10;0;138;493.176;231.935
10;0;139;497.815;227.296
10;0;140;513.698;211.413
10;0;141;523.39;201.721
10;0;142;466.324;258.787
10;0;143;528.873;-528.873
10;0;144;574.792;-574.792
10;0;145;584.443;140.668
10;0;146;603.065;122.047
10;0;147;611.803;113.308
10;0;148;625.709;99.402
10;0;149;635.296;89.815
10;0;150;720.245;4.867
10;0;151;702.677;22.434
10;0;152;627.265;97.847
10;0;153;625.356;-625.356
10;0;154;605.421;-174.615
10;0;155;576.854;148.257
10;0;156;568.435;156.676
10;0;157;496.292;228.819
10;0;158;464.708;260.403
10;0;159;441.666;283.445
10;0;160;403.218;321.893
10;0;161;391.818;53.752
10;0;162;426.147;298.964
10;0;163;436.501;142.883
10;0;164;454.979;270.132
10;0;165;491.292;-491.292
10;0;166;443.903;-443.903
10;0;167;473.41;-473.41
10;1;0;5.644;-5.644
10;1;1;5.303;-5.303
10;1;2;6.461;-6.461
10;1;3;6.175;-6.175
10;1;4;5.305;-5.305
10;1;5;6.573;-6.573
10;1;6;56.837;-56.837
10;1;7;53.603;-53.603
10;1;8;14.536;-14.536
10;1;9;17.651;-17.651
10;1;10;18.355;-18.355
10;1;11;19.426;-19.426
10;1;12;36.19;-36.19
10;1;13;19.934;-19.934
10;1;14;22.341;-22.341
10;1;15;20.69;-20.69
10;1;16;19.17;-19.17
10;1;17;18.701;80.201
10;1;18;43.447;-43.447
10;1;19;42.287;-42.287
10;1;20;45.558;-45.558
10;1;21;40.819;-40.819
10;1;22;6.394;-6.394
10;1;23;5.798;-5.798
10;1;24;5.764;-5.764
10;1;25;5.25;-5.25
10;1;26;5.347;-5.347
10;1;27;6.773;-6.773
10;1;28;5.671;-5.671
10;1;29;5.892;-5.892
10;1;30;51.645;-51.645
10;1;31;58.784;0.0
10;1;32;17.852;0.0
10;1;33;17.858;0.0
10;1;34;17.532;0.0
10;1;35;18.842;0.0
10;1;36;39.863;0.0
10;1;37;15.51;0.0
10;1;38;19.241;0.0
10;1;39;15.694;21.483
10;1;40;21.268;-21.268
10;1;41;16.853;500.624
10;1;42;43.545;-43.545
10;1;43;44.717;-44.717
10;1;44;45.591;-45.591
10;1;45;50.613;-50.613
10;1;46;7.824;-7.824
10;1;47;5.5;-5.5
10;1;48;6.563;-6.563
10;1;49;7.368;-7.368
10;1;50;7.139;-7.139
10;1;51;8.412;-8.412
10;1;52;7.415;-7.415
10;1;53;9.486;-9.486
10;1;54;6.273;-6.273
10;1;55;95.418;-95.418
10;1;56;92.915;-92.915
10;1;57;17.989;-17.989
10;1;58;20.898;0.0
10;1;59;18.257;0.0
10;1;60;17.547;0.0
10;1;61;15.617;0.0
10;1;62;20.413;0.0
10;1;63;51.612;496.077
10;1;64;51.664;-51.664
10;1;65;11.748;-11.748
10;1;66;14.408;-14.408
10;1;67;10.797;-10.797
10;1;68;32.803;-32.803
10;1;69;28.776;-28.776
10;1;70;35.428;-35.428
10;1;71;7.898;-7.898
10;1;72;7.394;-7.394
10;1;73;7.839;-7.839
10;1;74;9.66;-9.66
10;1;75;8.681;-8.681
10;1;76;8.727;-8.727
10;1;77;7.19;-7.19
10;1;78;6.235;-6.235
10;1;79;100.42;-100.42
10;1;80;95.62;-95.62
10;1;81;18.523;0.0
10;1;82;19.213;0.0
10;1;83;18.999;0.0
10;1;84;15.598;0.0
10;1;85;20.703;0.0
10;1;86;16.068;0.0
10;1;87;53.431;386.968
10;1;88;49.407;-49.407
10;1;89;9.828;-9.828
10;1;90;12.191;-12.191
10;1;91;12.546;-12.546
10;1;92;29.979;-29.979
10;1;93;35.554;-35.554
10;1;94;32.747;-32.747
10;1;95;6.887;-6.887
10;1;96;5.553;-5.553
10;1;97;6.37;-6.37
10;1;98;4.893;-4.893
10;1;99;6.842;-6.842
10;1;100;6.26;-6.26
10;1;101;5.61;-5.61
10;1;102;48.578;-48.578
10;1;103;60.802;-60.802
10;1;104;18.322;-18.322
10;1;105;17.931;0.0
10;1;106;17.626;0.0
10;1;107;20.648;0.0
10;1;108;38.147;0.0
10;1;109;16.457;0.0
10;1;110;20.932;0.0
10;1;111;16.787;0.0
10;1;112;19.417;0.0
10;1;113;17.022;315.856
10;1;114;45.657;-45.657
10;1;115;43.861;-43.861
10;1;116;42.097;-42.097
10;1;117;41.107;-41.107
10;1;118;7.179;-7.179
10;1;119;5.53;-5.53
10;1;120;5.784;-5.784
10;1;121;5.771;-5.771
10;1;122;5.75;-5.75
10;1;123;5.198;-5.198
10;1;124;6.715;-6.715
10;1;125;6.398;-6.398
10;1;126;51.864;-51.864
10;1;127;60.431;-9.059
10;1;128;14.308;-14.308
10;1;129;18.889;0.0
10;1;130;23.085;0.0
10;1;131;17.273;0.0
10;1;132;35.444;0.0
10;1;133;19.412;0.0
10;1;134;17.189;0.0
10;1;135;18.331;0.0
10;1;136;15.666;0.0
10;1;137;17.816;379.721
10;1;138;44.731;-44.731
10;1;139;46.485;-46.485
10;1;140;43.511;-43.511
10;1;141;40.274;-40.274
10;1;142;6.919;-6.919
10;1;143;5.343;-5.343
10;1;144;6.012;-6.012
10;1;145;5.127;-5.127
10;1;146;5.95;-5.95
10;1;147;7.332;-7.332
10;1;148;6.57;-6.57
10;1;149;5.307;-5.307
10;1;150;48.851;-48.851
10;1;151;61.726;-61.726
10;1;152;17.818;-17.818
10;1;153;18.808;0.0
10;1;154;17.262;0.0
10;1;155;17.337;0.0
10;1;156;39.267;0.0
10;1;157;16.487;0.0
10;1;158;19.155;0.0
10;1;159;17.357;707.754
10;1;160;20.502;-20.502
10;1;161;18.639;174.922
10;1;162;45.547;-45.547
10;1;163;41.644;-41.644
10;1;164;44.594;-44.594
10;1;165;43.106;-43.106
10;1;166;5.969;-5.969
10;1;167;5.931;-5.931
10;2;0;134.302;-134.302
10;2;1;151.336;-151.336
10;2;2;166.463;555.864
10;2;3;188.696;-188.696
10;2;4;200.995;-200.995
10;2;5;217.355;507.756
10;2;6;303.084;-303.084
10;2;7;307.369;-307.369
10;2;8;269.346;-269.346
10;2;9;271.45;-71.62
10;2;10;253.898;0.0
10;2;11;230.528;0.0
10;2;12;190.315;343.794
10;2;13;129.256;595.855
10;2;14;111.807;613.304
10;2;15;93.753;631.358
10;2;16;90.011;167.765
10;2;17;87.156;23.023
10;2;18;167.895;-167.895
10;2;19;185.378;212.032
10;2;20;196.185;23.023
10;2;21;218.132;-218.132
10;2;22;195.996;-195.996
10;2;23;236.44;-236.44
10;2;24;281.102;-281.102
10;2;25;302.298;-302.298
10;2;26;319.564;-319.564
10;2;27;346.615;-346.615
10;2;28;359.315;95.016
10;2;29;383.202;-383.202
10;2;30;460.637;0.0
10;2;31;465.492;0.0
10;2;32;418.572;0.0
10;2;33;403.699;0.0
10;2;34;363.999;0.0
10;2;35;323.512;173.04
10;2;36;274.73;450.381
10;2;37;196.905;528.206
10;2;38;150.433;574.679
10;2;39;112.65;612.461
10;2;40;82.32;-82.32
10;2;41;82.729;118.813
10;2;42;127.843;-127.843
10;2;43;157.539;-157.539
10;2;44;177.874;-177.874
10;2;45;174.68;-174.68
10;2;46;149.911;-149.911
10;2;47;170.55;-170.55
10;2;48;171.656;-171.656
10;2;49;186.92;-186.92
10;2;50;194.165;-194.165
10;2;51;203.112;-203.112
10;2;52;208.579;-208.579
10;2;53;215.531;-215.531
10;2;54;204.329;0.0
10;2;55;314.838;0.0
10;2;56;314.473;0.0
10;2;57;202.57;0.0
10;2;58;183.245;50.841
10;2;59;165.77;241.173
10;2;60;131.831;593.281
10;2;61;113.54;611.571
10;2;62;91.526;246.821
10;2;63;118.574;556.654
10;2;64;108.757;-108.757
10;2;65;50.417;-50.417
10;2;66;59.258;-59.258
10;2;67;71.708;-71.708
10;2;68;106.18;-106.18
10;2;69;119.455;-119.455
10;2;70;122.277;-122.277
10;2;71;119.458;-119.458
10;2;72;146.992;-146.992
10;2;73;156.06;-156.06
10;2;74;164.098;-164.098
10;2;75;171.437;-171.437
10;2;76;176.769;-176.769
10;2;77;186.088;-186.088
10;2;78;190.154;-190.154
10;2;79;309.724;-96.207
10;2;80;323.552;211.452
10;2;81;209.337;-209.337
10;2;82;194.98;530.131
10;2;83;155.369;569.742
10;2;84;118.06;-118.06
10;2;85;91.84;-91.84
10;2;86;89.422;505.674
10;2;87;128.954;-128.954
10;2;88;117.637;-117.637
10;2;89;77.965;-77.965
10;2;90;100.626;-100.626
10;2;91;102.792;-102.792
10;2;92;134.581;590.53
10;2;93;153.177;-153.177
10;2;94;170.171;-170.171
10;2;95;158.034;-158.034
10;2;96;266.877;-266.877
10;2;97;273.225;-273.225
10;2;98;286.17;-286.17
10;2;99;292.498;432.613
10;2;100;307.882;-104.126
10;2;101;320.919;-320.919
10;2;102;392.332;0.0
10;2;103;388.79;0.0
10;2;104;338.185;0.0
10;2;105;327.108;195.816
10;2;106;295.172;-15.492
10;2;107;276.973;68.399
10;2;108;282.153;160.107
10;2;109;225.935;-87.476
10;2;110;230.339;-86.359
10;2;111;219.449;-219.449
10;2;112;228.815;0.0
10;2;113;216.176;0.0
10;2;114;265.731;0.0
10;2;115;277.567;0.0
10;2;116;296.91;0.0
10;2;117;289.414;0.0
10;2;118;256.386;0.0
10;2;119;274.383;450.728
10;2;120;305.946;-305.946
10;2;121;316.146;197.594
10;2;122;333.101;-333.101
10;2;123;343.644;0.0
10;2;124;351.705;0.0
10;2;125;358.594;0.0
10;2;126;424.064;0.0
10;2;127;409.738;0.0
10;2;128;354.239;0.0
10;2;129;339.971;296.479
10;2;130;327.65;-293.514
10;2;131;307.604;0.0
10;2;132;289.608;435.503
10;2;133;230.085;495.026
10;2;134;213.239;511.872
10;2;135;197.44;151.528
10;2;136;195.364;-195.364
10;2;137;203.132;-203.132
10;2;138;245.574;-245.574
10;2;139;254.382;242.898
10;2;140;269.672;-269.672
10;2;141;287.8;-287.8
10;2;142;253.764;-253.764
10;2;143;276.53;-276.53
10;2;144;303.439;0.0
10;2;145;312.444;0.0
10;2;146;325.453;0.0
10;2;147;333.966;0.0
10;2;148;343.619;0.0
10;2;149;346.66;0.0
10;2;150;413.243;0.0
10;2;151;414.991;0.0
10;2;152;348.858;346.479
10;2;153;343.014;-343.014
10;2;154;331.791;0.0
10;2;155;310.612;40.476
10;2;156;312.47;89.482
10;2;157;245.063;84.587
10;2;158;215.34;179.42
10;2;159;199.882;-199.882
10;2;160;184.489;-184.489
10;2;161;177.791;0.0
10;2;162;219.872;0.0
10;2;163;229.701;0.0
10;2;164;227.238;0.0
10;2;165;224.774;0.0
10;2;166;190.045;99.084
10;2;167;205.228;519.883
10;3;0;611.796;-611.796
10;3;1;619.505;0.0
10;3;2;625.406;0.0
10;3;3;633.047;0.0
10;3;4;640.354;84.757
10;3;5;659.186;-76.688
10;3;6;732.261;-7.15
10;3;7;724.565;0.0
10;3;8;658.907;0.0
10;3;9;647.883;0.0
10;3;10;636.346;0.0
10;3;11;620.74;0.0
10;3;12;618.142;24.233
10;3;13;554.262;170.849
10;3;14;493.169;231.943
10;3;15;467.439;257.673
10;3;16;452.399;272.712
10;3;17;453.276;271.835
10;3;18;511.63;213.481
10;3;19;534.664;-534.664
10;3;20;564.628;-564.628
10;3;21;579.928;-283.172
10;3;22;532.19;192.921
10;3;23;556.245;168.866
10;3;24;595.009;130.102
10;3;25;613.86;-481.498
10;3;26;626.695;0.0
10;3;27;637.482;0.0
10;3;28;649.206;0.0
10;3;29;660.461;30.009
10;3;30;746.672;-21.561
10;3;31;733.177;-8.066
10;3;32;669.125;0.0
10;3;33;661.337;0.0
10;3;34;637.991;0.0
10;3;35;621.171;0.0
10;3;36;626.495;98.616
10;3;37;577.508;-97.63
10;3;38;571.991;0.0
10;3;39;582.651;0.0
10;3;40;569.789;0.0
10;3;41;581.432;0.0
10;3;42;620.342;0.0
10;3;43;633.853;0.0
10;3;44;639.482;0.0
10;3;45;630.863;0.0
10;3;46;570.958;0.0
10;3;47;567.663;0.0
10;3;48;503.481;0.0
10;3;49;487.487;0.0
10;3;50;477.079;0.0
10;3;51;464.292;0.0
10;3;52;465.116;0.0
10;3;53;462.572;0.0
10;3;54;457.364;0.0
10;3;55;580.262;0.0
10;3;56;606.713;0.0
10;3;57;478.412;0.0
10;3;58;475.505;0.0
10;3;59;468.763;0.0
10;3;60;453.46;11.884
10;3;61;432.704;292.407
10;3;62;411.386;-301.13
10;3;63;443.911;11.638
10;3;64;433.409;-11.522
10;3;65;374.714;350.397
10;3;66;384.966;340.145
10;3;67;387.17;337.941
10;3;68;431.084;-98.641
10;3;69;440.671;-440.671
10;3;70;454.927;-454.927
10;3;71;426.322;0.0
10;3;72;447.573;0.0
10;3;73;448.549;0.0
10;3;74;459.742;0.0
10;3;75;473.05;0.0
10;3;76;472.104;0.0
10;3;77;475.913;0.0
10;3;78;475.004;250.107
10;3;79;638.208;-247.606
10;3;80;634.672;0.0
10;3;81;507.813;0.0
10;3;82;506.342;0.0
10;3;83;500.593;0.0
10;3;84;488.372;0.0
10;3;85;472.058;253.053
10;3;86;472.966;252.145
10;3;87;499.882;255.207
10;3;88;505.238;219.873
10;3;89;443.98;281.131
10;3;90;469.046;256.065
10;3;91;492.305;-492.305
10;3;92;539.536;-539.536
10;3;93;546.309;-419.752
10;3;94;571.663;0.0
10;3;95;548.073;0.0
10;3;96;668.91;0.0
10;3;97;680.121;0.0
10;3;98;690.882;0.0
10;3;99;704.575;18.812
10;3;100;702.987;22.124
10;3;101;696.685;28.426
10;3;102;758.272;-33.161
10;3;103;759.68;-34.569
10;3;104;681.684;0.0
10;3;105;662.22;62.891
10;3;106;666.742;-62.262
10;3;107;663.476;0.0
10;3;108;692.156;0.0
10;3;109;645.533;0.0
10;3;110;632.319;0.0
10;3;111;630.294;0.0
10;3;112;608.858;0.0
10;3;113;607.615;0.0
10;3;114;656.121;0.0
10;3;115;646.471;0.0
10;3;116;652.136;0.0
10;3;117;640.396;0.0
10;3;118;583.792;141.319
10;3;119;596.193;128.918
10;3;120;614.801;110.31
10;3;121;618.255;106.856
10;3;122;631.358;93.753
10;3;123;645.723;79.388
10;3;124;665.307;59.804
10;3;125;683.806;-623.347
10;3;126;761.436;-36.324
10;3;127;753.129;-28.018
10;3;128;682.101;0.0
10;3;129;684.384;0.0
10;3;130;660.672;0.0
10;3;131;650.519;0.0
10;3;132;675.076;0.0
10;3;133;608.518;0.0
10;3;134;603.278;0.0
10;3;135;599.302;0.0
10;3;136;590.391;134.72
10;3;137;596.286;-133.373
10;3;138;656.508;0.0
10;3;139;655.141;69.97
10;3;140;669.472;-69.271
10;3;141;673.641;0.0
10;3;142;632.371;0.0
10;3;143;647.566;0.0
10;3;144;664.99;60.121
10;3;145;677.472;-59.52
10;3;146;681.751;43.36
10;3;147;690.651;-17.851
10;3;148;696.855;28.256
10;3;149;700.932;24.179
10;3;150;776.524;-51.413
10;3;151;749.414;-24.303
10;3;152;683.333;0.0
10;3;153;651.193;0.0
10;3;154;623.291;0.0
10;3;155;586.349;0.0
10;3;156;590.218;0.0
10;3;157;542.185;182.926
10;3;158;534.233;-181.096
10;3;159;534.37;0.0
10;3;160;512.655;0.0
10;3;161;503.805;0.0
10;3;162;560.393;0.0
10;3;163;537.978;0.0
10;3;164;545.957;0.0
10;3;165;536.183;147.958
10;3;166;479.445;245.666
10;3;167;495.358;229.753
15;0;0;423.033;389.229
15;0;1;442.136;370.126
15;0;2;466.507;-466.507
15;0;3;482.32;329.942
15;0;4;494.082;318.18
15;0;5;501.309;241.642
15;0;6;578.72;146.391
15;0;7;560.37;164.741
15;0;8;474.234;250.877
15;0;9;436.112;-436.112
15;0;10;389.84;-389.84
15;0;11;359.728;-359.728
15;0;12;361.214;-361.214
15;0;13;309.123;305.021
15;0;14;280.116;-280.116
15;0;15;284.815;-284.815
15;0;16;276.432;-276.432
15;0;17;268.972;0.0
15;0;18;318.349;406.762
15;0;19;329.435;395.676
15;0;20;339.048;386.063
15;0;21;367.327;-367.327
15;0;22;352.744;353.221
15;0;23;379.203;-379.203
15;0;24;418.321;-418.321
15;0;25;435.344;376.918
15;0;26;455.714;356.548
15;0;27;470.774;341.488
15;0;28;486.557;325.705
15;0;29;496.005;229.107
15;0;30;590.168;134.943
15;0;31;601.92;123.191
15;0;32;524.874;200.237
15;0;33;523.199;-523.199
15;0;34;500.009;-500.009
15;0;35;477.11;-477.11
15;0;36;491.541;-491.541
15;0;37;459.782;-247.496
15;0;38;449.122;0.0
15;0;39;439.614;0.0
15;0;40;419.342;0.0
15;0;41;405.374;0.0
15;0;42;442.467;0.0
15;0;43;457.805;0.0
15;0;44;470.548;0.0
15;0;45;482.872;0.0
15;0;46;419.368;0.0
15;0;47;438.478;0.0
15;0;48;401.455;0.0
15;0;49;401.769;0.0
15;0;50;406.915;0.0
15;0;51;413.151;0.0
15;0;52;416.615;308.497
15;0;53;421.054;304.057
15;0;54;424.35;300.761
15;0;55;567.78;157.331
15;0;56;562.862;162.249
15;0;57;421.498;-421.498
15;0;58;409.596;-409.596
15;0;59;370.647;354.464
15;0;60;340.453;384.658
15;0;61;313.277;-313.277
15;0;62;299.738;-299.738
15;0;63;328.263;56.793
15;0;64;287.873;-287.873
15;0;65;207.732;-207.732
15;0;66;202.169;253.701
15;0;67;202.705;522.406
15;0;68;245.288;-245.288
15;0;69;251.925;-251.925
15;0;70;260.782;-260.782
15;0;71;239.836;0.0
15;0;72;263.301;278.351
15;0;73;275.568;-275.568
15;0;74;289.681;435.43
15;0;75;297.062;428.05
15;0;76;298.927;426.185
15;0;77;304.188;420.923
15;0;78;305.931;419.18
15;0;79;443.804;235.98
15;0;80;447.949;-26.614
15;0;81;306.683;-306.683
15;0;82;295.095;-295.095
15;0;83;271.007;-271.007
15;0;84;261.193;-261.193
15;0;85;240.174;-240.174
15;0;86;235.131;-235.131
15;0;87;283.523;-283.523
15;0;88;262.165;-262.165
15;0;89;194.582;530.529
15;0;90;240.774;484.337
15;0;91;247.33;477.781
15;0;92;309.606;415.505
15;0;93;302.417;422.694
15;0;94;344.369;-344.369
15;0;95;318.379;406.732
15;0;96;447.97;23.047
15;0;97;462.341;23.023
15;0;98;486.729;-486.729
15;0;99;506.659;-4.879
15;0;100;519.792;205.319
15;0;101;532.204;192.907
15;0;102;615.703;109.409
15;0;103;619.422;105.689
15;0;104;551.656;-551.656
15;0;105;527.346;-442.533
15;0;106;488.998;226.159
15;0;107;470.374;-470.374
15;0;108;485.189;-329.951
15;0;109;441.486;-441.486
15;0;110;432.69;187.688
15;0;111;418.174;127.904
15;0;112;400.084;-2.789
15;0;113;373.846;-83.737
15;0;114;416.722;-416.722
15;0;115;399.093;326.018
15;0;116;419.539;305.572
15;0;117;440.317;284.794
15;0;118;410.165;314.947
15;0;119;438.529;286.582
15;0;120;489.433;-489.433
15;0;121;497.583;-352.211
15;0;122;518.634;293.628
15;0;123;525.546;286.716
15;0;124;530.843;281.419
15;0;125;547.351;264.911
15;0;126;620.441;191.821
15;0;127;609.535;202.727
15;0;128;553.787;258.475
15;0;129;547.292;-547.292
15;0;130;519.161;-519.161
15;0;131;494.25;-494.25
15;0;132;493.841;-54.995
15;0;133;435.244;-435.244
15;0;134;424.763;-184.048
15;0;135;416.175;0.0
15;0;136;403.379;321.732
15;0;137;404.494;320.617
15;0;138;451.631;273.481
15;0;139;455.879;269.232
15;0;140;470.424;254.687
15;0;141;479.3;245.812
15;0;142;427.041;298.07
15;0;143;484.32;-484.32
15;0;144;526.371;-526.371
15;0;145;535.209;189.902
15;0;146;552.262;172.849
15;0;147;560.264;164.847
15;0;148;572.999;152.112
15;0;149;581.779;143.333
15;0;150;659.571;65.54
15;0;151;643.484;81.628
15;0;152;574.424;150.688
15;0;153;572.676;-572.676
15;0;154;554.42;-554.42
15;0;155;528.259;-196.181
15;0;156;520.55;-520.55
15;0;157;454.484;270.627
15;0;158;425.561;299.55
15;0;159;404.46;320.651
15;0;160;369.251;-369.251
15;0;161;358.811;-358.811
15;0;162;390.249;334.863
15;0;163;399.73;325.382
15;0;164;416.651;308.46
15;0;165;449.905;275.206
15;0;166;406.508;-365.284
15;0;167;433.53;-433.53
15;1;0;5.168;-5.168
15;1;1;4.856;-4.856
15;1;2;5.917;-5.917
15;1;3;5.655;-5.655
15;1;4;4.858;-4.858
15;1;5;6.019;-6.019
15;1;6;52.049;-52.049
15;1;7;49.087;-49.087
15;1;8;13.311;-13.311
15;1;9;16.164;-16.164
15;1;10;16.808;-16.808
15;1;11;17.79;-17.79
15;1;12;33.141;-33.141
15;1;13;18.255;-18.255
15;1;14;20.459;-20.459
15;1;15;18.947;-18.947
15;1;16;17.555;-17.555
15;1;17;17.125;102.393
15;1;18;39.787;-39.787
15;1;19;38.725;-38.725
15;1;20;41.72;-41.72
15;1;21;37.38;-37.38
15;1;22;5.855;-5.855
15;1;23;5.309;-5.309
15;1;24;5.279;-5.279
15;1;25;4.808;-4.808
15;1;26;4.897;-4.897
15;1;27;6.202;-6.202
15;1;28;5.193;-5.193
15;1;29;5.396;-5.396
15;1;30;47.294;-47.294
15;1;31;53.832;-4.308
15;1;32;16.348;0.0
15;1;33;16.353;0.0
15;1;34;16.055;0.0
15;1;35;17.254;0.0
15;1;36;36.505;0.0
15;1;37;14.203;0.0
15;1;38;17.621;0.0
15;1;39;14.372;19.673
15;1;40;19.476;-19.476
15;1;41;15.433;458.452
15;1;42;39.877;-39.877
15;1;43;40.95;-40.95
15;1;44;41.75;-41.75
15;1;45;46.349;-46.349
15;1;46;7.165;-7.165
15;1;47;5.036;-5.036
15;1;48;6.01;-6.01
15;1;49;6.748;-6.748
15;1;50;6.538;-6.538
15;1;51;7.704;-7.704
15;1;52;6.791;-6.791
15;1;53;8.687;-8.687
15;1;54;5.744;-5.744
15;1;55;87.38;-87.38
15;1;56;85.088;-85.088
15;1;57;16.473;-16.473
15;1;58;19.137;0.0
15;1;59;16.719;0.0
15;1;60;16.068;33.518
15;1;61;14.301;-14.301
15;1;62;18.693;-18.693
15;1;63;47.264;0.0
15;1;64;47.311;402.433
15;1;65;10.758;-10.758
15;1;66;13.194;-13.194
15;1;67;9.887;-9.887
15;1;68;30.04;-30.04
15;1;69;26.352;-26.352
15;1;70;32.444;-32.444
15;1;71;7.233;-7.233
15;1;72;6.771;-6.771
15;1;73;7.179;-7.179
15;1;74;8.846;-8.846
15;1;75;7.949;-7.949
15;1;76;7.992;-7.992
15;1;77;6.584;-6.584
15;1;78;5.71;-5.71
15;1;79;91.961;-91.961
15;1;80;87.565;-87.565
15;1;81;16.963;0.0
15;1;82;17.594;0.0
15;1;83;17.398;0.0
15;1;84;14.284;0.0
15;1;85;18.959;0.0
15;1;86;14.714;0.0
15;1;87;48.93;354.37
15;1;88;45.244;-45.244
15;1;89;9.0;-9.0
15;1;90;11.164;-11.164
15;1;91;11.489;-11.489
15;1;92;27.454;-27.454
15;1;93;32.559;-32.559
15;1;94;29.988;-29.988
15;1;95;6.307;-6.307
15;1;96;5.086;-5.086
15;1;97;5.834;-5.834
15;1;98;4.481;-4.481
15;1;99;6.266;-6.266
15;1;100;5.733;-5.733
15;1;101;5.137;-5.137
15;1;102;44.486;-44.486
15;1;103;55.68;-55.68
15;1;104;16.779;-16.779
15;1;105;16.42;0.0
15;1;106;16.141;0.0
15;1;107;18.908;0.0
15;1;108;34.934;0.0
15;1;109;15.071;0.0
15;1;110;19.169;0.0
15;1;111;15.373;0.0
15;1;112;17.781;0.0
15;1;113;15.588;284.267
15;1;114;41.81;-41.81
15;1;115;40.166;-40.166
15;1;116;38.551;-38.551
15;1;117;37.644;-37.644
15;1;118;6.574;-6.574
15;1;119;5.064;-5.064
15;1;120;5.297;-5.297
15;1;121;5.285;-5.285
15;1;122;5.265;-5.265
15;1;123;4.76;-4.76
15;1;124;6.149;-6.149
15;1;125;5.859;-5.859
15;1;126;47.495;-47.495
15;1;127;55.34;-3.968
15;1;128;13.102;-13.102
15;1;129;17.298;0.0
15;1;130;21.14;0.0
15;1;131;15.818;0.0
15;1;132;32.458;0.0
15;1;133;17.777;0.0
15;1;134;15.741;0.0
15;1;135;16.787;0.0
15;1;136;14.346;0.0
15;1;137;16.315;347.734
15;1;138;40.963;-40.963
15;1;139;42.569;-42.569
15;1;140;39.845;-39.845
15;1;141;36.881;-36.881
15;1;142;6.336;-6.336
15;1;143;4.893;-4.893
15;1;144;5.506;-5.506
15;1;145;4.695;-4.695
15;1;146;5.449;-5.449
15;1;147;6.714;-6.714
15;1;148;6.017;-6.017
15;1;149;4.86;-4.86
15;1;150;44.736;-44.736
15;1;151;56.526;-56.526
15;1;152;16.317;-16.317
15;1;153;17.224;0.0
15;1;154;15.808;0.0
15;1;155;15.876;0.0
15;1;156;35.959;0.0
15;1;157;15.099;0.0
15;1;158;17.542;0.0
15;1;159;15.895;709.216
15;1;160;18.775;-18.775
15;1;161;17.068;69.786
15;1;162;41.71;-41.71
15;1;163;38.136;-38.136
15;1;164;40.837;-40.837
15;1;165;39.475;-39.475
15;1;166;5.466;-5.466
15;1;167;5.432;-5.432
15;2;0;122.988;-122.988
15;2;1;138.588;-138.588
15;2;2;152.441;572.671
15;2;3;172.8;-172.8
15;2;4;184.063;-184.063
15;2;5;199.045;526.066
15;2;6;277.553;-277.553
15;2;7;281.476;-281.476
15;2;8;246.656;-154.73
15;2;9;248.583;-248.583
15;2;10;232.51;213.24
15;2;11;211.108;-211.108
15;2;12;174.283;550.828
15;2;13;118.367;-31.216
15;2;14;102.388;-102.388
15;2;15;85.856;639.255
15;2;16;82.428;-82.428
15;2;17;79.814;645.297
15;2;18;153.751;-153.751
15;2;19;169.761;555.35
15;2;20;179.658;365.551
15;2;21;199.757;-199.757
15;2;22;179.485;243.575
15;2;23;216.522;-216.522
15;2;24;257.422;-257.422
15;2;25;276.832;-276.832
15;2;26;292.644;-292.644
15;2;27;317.416;-317.416
15;2;28;329.046;-329.046
15;2;29;350.921;-209.454
15;2;30;421.833;303.279
15;2;31;426.279;-426.279
15;2;32;383.312;341.799
15;2;33;369.692;-369.692
15;2;34;333.335;391.776
15;2;35;296.26;428.852
15;2;36;251.586;473.525
15;2;37;180.318;-180.318
15;2;38;137.76;-137.76
15;2;39;103.16;54.601
15;2;40;75.385;-75.385
15;2;41;75.76;649.351
15;2;42;117.074;-117.074
15;2;43;144.268;-144.268
15;2;44;162.89;-162.89
15;2;45;159.964;-159.964
15;2;46;137.283;-137.283
15;2;47;156.183;-156.183
15;2;48;157.196;-157.196
15;2;49;171.174;-171.174
15;2;50;177.809;-177.809
15;2;51;186.002;-186.002
15;2;52;191.008;0.0
15;2;53;197.375;0.0
15;2;54;187.116;0.0
15;2;55;288.316;0.0
15;2;56;287.982;0.0
15;2;57;185.505;539.606
15;2;58;167.808;-167.808
15;2;59;151.806;-151.806
15;2;60;120.725;93.629
15;2;61;103.975;-103.975
15;2;62;83.816;-83.816
15;2;63;108.585;-108.585
15;2;64;99.595;192.127
15;2;65;46.17;678.941
15;2;66;54.266;-54.266
15;2;67;65.667;-65.667
15;2;68;97.236;-97.236
15;2;69;109.393;-109.393
15;2;70;111.976;-111.976
15;2;71;109.395;-109.395
15;2;72;134.609;-134.609
15;2;73;142.913;-142.913
15;2;74;150.274;158.581
15;2;75;156.995;-156.995
15;2;76;161.878;0.0
15;2;77;170.411;0.0
15;2;78;174.135;0.0
15;2;79;283.633;0.0
15;2;80;296.296;193.639
15;2;81;191.703;-191.703
15;2;82;178.555;546.556
15;2;83;142.281;-111.13
15;2;84;108.115;-108.115
15;2;85;84.103;-84.103
15;2;86;81.889;-81.889
15;2;87;118.091;-118.091
15;2;88;107.727;617.384
15;2;89;71.397;-71.397
15;2;90;92.149;-92.149
15;2;91;94.133;-94.133
15;2;92;123.244;601.867
15;2;93;140.274;-140.274
15;2;94;155.836;-155.836
15;2;95;144.721;-144.721
15;2;96;244.395;-244.395
15;2;97;250.209;-250.209
15;2;98;262.063;128.68
15;2;99;267.858;457.253
15;2;100;281.946;-281.946
15;2;101;293.885;-293.885
15;2;102;359.281;257.882
15;2;103;356.038;369.073
15;2;104;309.696;415.415
15;2;105;299.552;425.559
15;2;106;270.306;-270.306
15;2;107;253.641;-253.641
15;2;108;258.384;-258.384
15;2;109;206.902;-206.902
15;2;110;210.935;-210.935
15;2;111;200.963;-200.963
15;2;112;209.539;0.0
15;2;113;197.966;0.0
15;2;114;243.346;0.0
15;2;115;254.185;0.0
15;2;116;271.898;0.0
15;2;117;265.033;0.0
15;2;118;234.788;0.0
15;2;119;251.269;473.842
15;2;120;280.173;-280.173
15;2;121;289.514;121.08
15;2;122;305.041;-305.041
15;2;123;314.696;0.0
15;2;124;322.077;0.0
15;2;125;328.386;0.0
15;2;126;388.34;0.0
15;2;127;375.221;0.0
15;2;128;324.398;178.495
15;2;129;311.332;413.779
15;2;130;300.048;-300.048
15;2;131;281.691;-281.691
15;2;132;265.211;459.9
15;2;133;210.703;514.409
15;2;134;195.276;529.835
15;2;135;180.807;-180.807
15;2;136;178.907;-178.907
15;2;137;186.02;-186.02
15;2;138;224.887;-224.887
15;2;139;232.952;356.881
15;2;140;246.955;-246.955
15;2;141;263.555;-263.555
15;2;142;232.387;-232.387
15;2;143;253.235;-253.235
15;2;144;277.877;0.0
15;2;145;286.123;0.0
15;2;146;298.037;0.0
15;2;147;305.833;419.279
15;2;148;314.673;410.438
15;2;149;317.457;407.654
15;2;150;378.431;346.68
15;2;151;380.032;345.079
15;2;152;319.47;173.308
15;2;153;314.118;-314.118
15;2;154;303.841;-303.841
15;2;155;284.446;-284.446
15;2;156;286.148;-286.148
15;2;157;224.418;-224.418
15;2;158;197.199;-197.199
15;2;159;183.044;-183.044
15;2;160;168.948;-168.948
15;2;161;162.814;0.0
15;2;162;201.35;0.0
15;2;163;210.351;0.0
15;2;164;208.095;0.0
15;2;165;205.839;0.0
15;2;166;174.036;0.0
15;2;167;187.94;537.172
15;3;0;560.258;-531.8
15;3;1;567.317;157.794
15;3;2;572.721;152.39
15;3;3;579.719;145.392
15;3;4;586.41;138.701
15;3;5;603.656;121.455
15;3;6;670.575;54.536
15;3;7;663.528;61.583
15;3;8;603.401;121.711
15;3;9;593.305;131.806
15;3;10;582.74;142.371
15;3;11;568.449;156.662
15;3;12;566.07;-566.07
15;3;13;507.571;217.541
15;3;14;451.624;273.487
15;3;15;428.061;-428.061
15;3;16;414.289;310.822
15;3;17;415.092;310.019
15;3;18;468.53;256.581
15;3;19;489.623;-489.623
15;3;20;517.063;-517.063
15;3;21;531.074;194.037
15;3;22;487.358;237.753
15;3;23;509.387;215.724
15;3;24;544.885;180.226
15;3;25;562.148;162.963
15;3;26;573.902;151.209
15;3;27;583.78;141.331
15;3;28;594.517;130.594
15;3;29;604.823;120.288
15;3;30;683.772;41.339
15;3;31;671.414;53.697
15;3;32;612.758;112.354
15;3;33;605.626;179.156
15;3;34;584.246;-584.246
15;3;35;568.843;-568.843
15;3;36;573.719;-563.959
15;3;37;528.858;-528.858
15;3;38;523.806;0.0
15;3;39;533.568;0.0
15;3;40;521.79;0.0
15;3;41;532.452;0.0
15;3;42;568.084;0.0
15;3;43;580.457;0.0
15;3;44;585.612;0.0
15;3;45;577.719;0.0
15;3;46;522.86;0.0
15;3;47;519.843;0.0
15;3;48;461.068;0.0
15;3;49;446.421;0.0
15;3;50;436.889;0.0
15;3;51;425.18;0.0
15;3;52;425.934;0.0
15;3;53;423.605;0.0
15;3;54;418.835;0.0
15;3;55;531.38;0.0
15;3;56;555.604;0.0
15;3;57;438.11;0.0
15;3;58;435.448;185.599
15;3;59;429.274;295.837
15;3;60;415.26;309.851
15;3;61;396.253;-396.253
15;3;62;376.731;-376.731
15;3;63;406.516;0.0
15;3;64;396.899;0.0
15;3;65;343.148;381.963
15;3;66;352.536;372.575
15;3;67;354.555;370.556
15;3;68;394.769;-269.941
15;3;69;403.549;-403.549
15;3;70;416.604;-416.604
15;3;71;390.408;0.0
15;3;72;409.87;0.0
15;3;73;410.763;0.0
15;3;74;421.013;0.0
15;3;75;433.2;0.0
15;3;76;432.334;0.0
15;3;77;435.822;0.0
15;3;78;434.99;290.121
15;3;79;584.445;-287.22
15;3;80;581.207;0.0
15;3;81;465.035;0.0
15;3;82;463.687;261.424
15;3;83;458.423;266.688
15;3;84;447.231;277.88
15;3;85;432.292;-432.292
15;3;86;433.123;-354.271
15;3;87;457.772;297.317
15;3;88;462.677;262.435
15;3;89;406.579;318.532
15;3;90;429.534;295.577
15;3;91;450.833;-450.833
15;3;92;494.085;-494.085
15;3;93;500.288;-191.264
15;3;94;523.505;0.0
15;3;95;501.903;0.0
15;3;96;612.561;0.0
15;3;97;622.828;0.0
15;3;98;632.681;0.0
15;3;99;645.222;0.0
15;3;100;643.767;0.0
15;3;101;637.996;0.0
15;3;102;694.395;0.0
15;3;103;695.684;29.427
15;3;104;624.259;-29.133
15;3;105;606.434;118.677
15;3;106;610.575;-117.49
15;3;107;607.585;0.0
15;3;108;633.848;0.0
15;3;109;591.153;0.0
15;3;110;579.052;0.0
15;3;111;577.198;0.0
15;3;112;557.568;0.0
15;3;113;556.429;0.0
15;3;114;600.849;0.0
15;3;115;592.012;0.0
15;3;116;597.2;0.0
15;3;117;586.448;0.0
15;3;118;534.613;0.0
15;3;119;545.969;179.142
15;3;120;563.01;162.101
15;3;121;566.173;158.938
15;3;122;578.172;146.939
15;3;123;591.327;133.784
15;3;124;609.261;-124.227
15;3;125;626.202;-626.202
15;3;126;697.292;0.0
15;3;127;689.685;0.0
15;3;128;624.641;0.0
15;3;129;626.732;0.0
15;3;130;605.017;0.0
15;3;131;595.719;0.0
15;3;132;618.208;0.0
15;3;133;557.256;0.0
15;3;134;552.457;0.0
15;3;135;548.816;0.0
15;3;136;540.656;184.455
15;3;137;546.055;-182.611
15;3;138;601.204;0.0
15;3;139;599.951;125.16
15;3;140;613.075;-123.908
15;3;141;616.893;0.0
15;3;142;579.099;0.0
15;3;143;593.015;0.0
15;3;144;608.971;116.14
15;3;145;620.401;-114.979
15;3;146;624.32;100.791
15;3;147;632.471;-99.783
15;3;148;638.152;0.0
15;3;149;641.885;0.0
15;3;150;711.11;0.0
15;3;151;686.283;0.0
15;3;152;625.769;0.0
15;3;153;596.336;0.0
15;3;154;570.785;0.0
15;3;155;536.955;0.0
15;3;156;540.498;0.0
15;3;157;496.512;228.6
15;3;158;489.229;-226.314
15;3;159;489.354;0.0
15;3;160;469.469;0.0
15;3;161;461.364;0.0
15;3;162;513.186;0.0
15;3;163;492.659;0.0
15;3;164;499.966;0.0
15;3;165;491.014;0.0
15;3;166;439.056;286.055
15;3;167;453.629;253.977
20;0;0;383.8;341.311
20;0;1;401.131;323.98
20;0;2;423.243;-423.243
20;0;3;437.589;287.522
20;0;4;448.26;276.851
20;0;5;454.817;270.294
20;0;6;525.049;200.063
20;0;7;508.4;216.711
20;0;8;430.253;294.859
20;0;9;395.666;-395.666
20;0;10;353.686;-353.686
20;0;11;326.366;-326.366
20;0;12;327.714;-327.714
20;0;13;280.455;217.156
20;0;14;254.137;-254.137
20;0;15;258.4;-258.4
20;0;16;250.795;-250.795
20;0;17;244.027;481.084
20;0;18;288.825;436.286
20;0;19;298.883;77.131
20;0;20;307.604;-307.604
20;0;21;333.26;-333.26
20;0;22;320.03;-320.03
20;0;23;344.035;381.076
20;0;24;379.525;345.586
20;0;25;394.969;330.142
20;0;26;413.451;311.66
20;0;27;427.113;297.998
20;0;28;441.433;283.678
20;0;29;450.004;275.107
20;0;30;535.435;168.887
20;0;31;546.097;23.023
20;0;32;476.196;23.023
20;0;33;474.676;-474.676
20;0;34;453.637;-453.637
20;0;35;432.862;-432.862
20;0;36;445.954;-193.439
20;0;37;417.141;-377.159
20;0;38;407.469;-186.222
20;0;39;398.843;70.866
20;0;40;380.452;-179.148
20;0;41;367.779;0.0
20;0;42;401.432;0.0
20;0;43;415.348;0.0
20;0;44;426.909;0.0
20;0;45;438.09;0.0
20;0;46;380.475;0.0
20;0;47;397.813;0.0
20;0;48;364.223;0.0
20;0;49;364.508;0.0
20;0;50;369.177;340.007
20;0;51;374.835;350.276
20;0;52;377.977;347.134
20;0;53;382.005;343.107
20;0;54;384.995;340.116
20;0;55;515.123;209.988
20;0;56;510.662;214.45
20;0;57;382.408;-382.408
20;0;58;371.609;-371.609
20;0;59;336.273;-336.273
20;0;60;308.878;416.233
20;0;61;284.223;-284.223
20;0;62;271.94;-271.94
20;0;63;297.819;-297.819
20;0;64;261.176;-261.176
20;0;65;188.467;-188.467
20;0;66;183.419;162.245
20;0;67;183.906;541.205
20;0;68;222.54;-222.54
20;0;69;228.561;-228.561
20;0;70;236.597;-236.597
20;0;71;217.593;0.0
20;0;72;238.882;252.537
20;0;73;250.011;-250.011
20;0;74;262.816;373.51
20;0;75;269.512;-269.512
20;0;76;271.204;453.908
20;0;77;275.977;449.134
20;0;78;277.558;447.553
20;0;79;402.645;322.467
20;0;80;406.405;318.706
20;0;81;278.241;-278.241
20;0;82;267.728;-267.728
20;0;83;245.873;-245.873
20;0;84;236.97;-236.97
20;0;85;217.9;-217.9
20;0;86;213.324;-213.324
20;0;87;257.229;-257.229
20;0;88;237.852;-237.852
20;0;89;176.536;220.651
20;0;90;218.445;-218.445
20;0;91;224.392;500.719
20;0;92;280.893;444.218
20;0;93;274.371;450.741
20;0;94;312.432;-312.432
20;0;95;288.852;436.259
20;0;96;406.425;318.686
20;0;97;419.463;305.648
20;0;98;441.589;250.621
20;0;99;459.671;-459.671
20;0;100;471.586;-11.367
20;0;101;482.846;242.265
20;0;102;558.601;166.51
20;0;103;561.976;163.135
20;0;104;500.494;-500.494
20;0;105;478.439;-36.799
20;0;106;443.648;281.463
20;0;107;426.751;-270.942
20;0;108;440.191;-60.681
20;0;109;400.542;-400.542
20;0;110;392.561;-318.262
20;0;111;379.392;-379.392
20;0;112;362.979;34.315
20;0;113;339.175;-127.223
20;0;114;378.074;-378.074
20;0;115;362.081;363.03
20;0;116;380.63;344.481
20;0;117;399.482;325.63
20;0;118;372.125;352.986
20;0;119;397.859;327.252
20;0;120;444.042;281.069
20;0;121;451.437;273.674
20;0;122;470.535;126.931
20;0;123;476.806;-476.806
20;0;124;481.612;14.62
20;0;125;496.589;228.522
20;0;126;562.9;162.211
20;0;127;553.006;172.105
20;0;128;502.427;23.023
20;0;129;496.535;-496.535
20;0;130;471.013;-471.013
20;0;131;448.413;-448.413
20;0;132;448.042;-448.042
20;0;133;394.879;-372.434
20;0;134;385.37;339.741
20;0;135;377.578;-336.344
20;0;136;365.969;359.142
20;0;137;366.98;358.131
20;0;138;409.746;315.366
20;0;139;413.6;311.511
20;0;140;426.796;298.315
20;0;141;434.849;290.263
20;0;142;387.436;337.675
20;0;143;439.404;-439.404
20;0;144;477.555;247.557
20;0;145;485.573;239.538
20;0;146;501.044;134.319
20;0;147;508.304;23.023
20;0;148;519.858;23.023
20;0;149;527.823;23.023
20;0;150;598.401;23.023
20;0;151;583.806;23.023
20;0;152;521.15;23.023
20;0;153;519.565;-519.565
20;0;154;503.003;-503.003
20;0;155;479.268;245.843
20;0;156;472.273;-472.273
20;0;157;412.334;312.777
20;0;158;386.094;339.018
20;0;159;366.95;358.161
20;0;160;335.006;-335.006
20;0;161;325.534;-325.534
20;0;162;354.056;308.703
20;0;163;362.658;-362.658
20;0;164;378.01;-378.01
20;0;165;408.18;-408.18
20;0;166;368.808;-368.808
20;0;167;393.324;331.787
20;1;0;4.689;-4.689
20;1;1;4.406;-4.406
20;1;2;5.368;-5.368
20;1;3;5.13;719.981
20;1;4;4.408;498.635
20;1;5;5.461;-5.461
20;1;6;47.222;-47.222
20;1;7;44.535;-44.535
20;1;8;12.077;-12.077
20;1;9;14.665;-14.665
20;1;10;15.25;-15.25
20;1;11;16.14;-16.14
20;1;12;30.067;-30.067
20;1;13;16.562;-16.562
20;1;14;18.561;-18.561
20;1;15;17.189;-17.189
20;1;16;15.927;-15.927
20;1;17;15.537;-15.537
20;1;18;36.097;-36.097
20;1;19;35.133;-35.133
20;1;20;37.851;-37.851
20;1;21;33.914;-33.914
20;1;22;5.312;-5.312
20;1;23;4.817;-4.817
20;1;24;4.789;-4.789
20;1;25;4.362;-4.362
20;1;26;4.443;-4.443
20;1;27;5.627;-5.627
20;1;28;4.712;-4.712
20;1;29;4.896;-4.896
20;1;30;42.908;-42.908
20;1;31;48.84;-48.84
20;1;32;14.832;-14.832
20;1;33;14.837;-14.837
20;1;34;14.566;-14.566
20;1;35;15.654;-15.654
20;1;36;33.12;-33.12
20;1;37;12.886;-12.886
20;1;38;15.986;-15.986
20;1;39;13.039;-13.039
20;1;40;17.67;-17.67
20;1;41;14.002;-14.002
20;1;42;36.179;-36.179
20;1;43;37.153;-37.153
20;1;44;37.878;-37.878
20;1;45;42.05;-42.05
20;1;46;6.501;-6.501
20;1;47;4.569;-4.569
20;1;48;5.452;-5.452
20;1;49;6.122;-6.122
20;1;50;5.931;-5.931
20;1;51;6.989;-6.989
20;1;52;6.161;-6.161
20;1;53;7.881;-7.881
20;1;54;5.212;-5.212
20;1;55;79.276;-79.276
20;1;56;77.197;-77.197
20;1;57;14.946;-14.946
20;1;58;17.362;-17.362
20;1;59;15.169;-15.169
20;1;60;14.578;0.0
20;1;61;12.975;0.0
20;1;62;16.959;0.0
20;1;63;42.881;0.0
20;1;64;42.924;0.0
20;1;65;9.76;12.091
20;1;66;11.97;-11.97
20;1;67;8.97;0.0
20;1;68;27.254;0.0
20;1;69;23.908;0.0
20;1;70;29.435;0.0
20;1;71;6.562;0.0
20;1;72;6.143;0.0
20;1;73;6.513;0.0
20;1;74;8.025;0.0
20;1;75;7.212;0.0
20;1;76;7.251;0.0
20;1;77;5.973;0.0
20;1;78;5.18;309.69
20;1;79;83.432;-83.432
20;1;80;79.444;-79.444
20;1;81;15.39;-15.39
20;1;82;15.963;-15.963
20;1;83;15.785;-15.785
20;1;84;12.959;-12.959
20;1;85;17.201;-17.201
20;1;86;13.35;-13.35
20;1;87;44.392;-44.392
20;1;88;41.048;0.0
20;1;89;8.165;0.0
20;1;90;10.128;121.933
20;1;91;10.424;-10.424
20;1;92;24.908;-24.908
20;1;93;29.539;-29.539
20;1;94;27.207;-27.207
20;1;95;5.722;-5.722
20;1;96;4.614;-4.614
20;1;97;5.293;-5.293
20;1;98;4.065;-4.065
20;1;99;5.685;-5.685
20;1;100;5.201;0.0
20;1;101;4.661;0.0
20;1;102;40.36;0.0
20;1;103;50.516;0.0
20;1;104;15.223;47.669
20;1;105;14.897;-14.897
20;1;106;14.644;-14.644
20;1;107;17.155;-17.155
20;1;108;31.694;693.417
20;1;109;13.673;711.438
20;1;110;17.391;688.169
20;1;111;13.947;-13.947
20;1;112;16.132;-16.132
20;1;113;14.142;-14.142
20;1;114;37.933;-37.933
20;1;115;36.441;-36.441
20;1;116;34.976;-34.976
20;1;117;34.153;-34.153
20;1;118;5.964;-5.964
20;1;119;4.594;-4.594
20;1;120;4.806;-4.806
20;1;121;4.795;-4.795
20;1;122;4.777;-4.777
20;1;123;4.319;-4.319
20;1;124;5.579;-5.579
20;1;125;5.316;-5.316
20;1;126;43.09;-43.09
20;1;127;50.207;-50.207
20;1;128;11.887;-11.887
20;1;129;15.693;-15.693
20;1;130;19.18;-19.18
20;1;131;14.351;-14.351
20;1;132;29.448;-29.448
20;1;133;16.128;-16.128
20;1;134;14.281;-14.281
20;1;135;15.23;-15.23
20;1;136;13.016;-13.016
20;1;137;14.802;-14.802
20;1;138;37.164;-37.164
20;1;139;38.621;-38.621
20;1;140;36.15;-36.15
20;1;141;33.461;-33.461
20;1;142;5.748;-5.748
20;1;143;4.439;-4.439
20;1;144;4.995;-4.995
20;1;145;4.26;-4.26
20;1;146;4.943;-4.943
20;1;147;6.092;-6.092
20;1;148;5.459;-5.459
20;1;149;4.409;-4.409
20;1;150;40.587;-40.587
20;1;151;51.284;-51.284
20;1;152;14.804;-14.804
20;1;153;15.626;-15.626
20;1;154;14.342;-14.342
20;1;155;14.404;-14.404
20;1;156;32.624;-32.624
20;1;157;13.698;-13.698
20;1;158;15.915;-15.915
20;1;159;14.421;-14.421
20;1;160;17.034;-17.034
20;1;161;15.485;-15.485
20;1;162;37.842;-37.842
20;1;163;34.599;-34.599
20;1;164;37.05;-37.05
20;1;165;35.814;-35.814
20;1;166;4.959;-4.959
20;1;167;4.928;-4.928
20;2;0;111.582;-111.582
20;2;1;125.735;597.58
20;2;2;138.303;586.808
20;2;3;156.774;-156.774
20;2;4;166.993;-166.993
20;2;5;180.585;544.526
20;2;6;251.812;-251.812
20;2;7;255.372;-255.372
20;2;8;223.781;-223.781
20;2;9;225.529;-225.529
20;2;10;210.946;-210.946
20;2;11;191.53;-191.53
20;2;12;158.119;-158.119
20;2;13;107.39;617.722
20;2;14;92.893;-92.893
20;2;15;77.893;111.45
20;2;16;74.784;-74.784
20;2;17;72.412;-72.412
20;2;18;139.492;-139.492
20;2;19;154.017;-154.017
20;2;20;162.996;-162.996
20;2;21;181.231;164.484
20;2;22;162.84;-162.84
20;2;23;196.442;235.907
20;2;24;233.548;-233.548
20;2;25;251.158;268.186
20;2;26;265.504;-265.504
20;2;27;287.979;0.0
20;2;28;298.53;373.063
20;2;29;318.376;-318.376
20;2;30;382.711;342.4
20;2;31;386.745;338.366
20;2;32;347.763;377.348
20;2;33;335.406;-335.406
20;2;34;302.421;-302.421
20;2;35;268.784;456.327
20;2;36;228.254;496.857
20;2;37;163.595;-163.595
20;2;38;124.984;600.127
20;2;39;93.593;-93.593
20;2;40;68.394;-68.394
20;2;41;68.734;-68.734
20;2;42;106.216;-106.216
20;2;43;130.888;-130.888
20;2;44;147.783;-147.783
20;2;45;145.129;-145.129
20;2;46;124.551;-124.551
20;2;47;141.698;-141.698
20;2;48;142.617;-142.617
20;2;49;155.299;-155.299
20;2;50;161.319;-161.319
20;2;51;168.752;-168.752
20;2;52;173.294;0.0
20;2;53;179.07;0.0
20;2;54;169.763;0.0
20;2;55;261.577;0.0
20;2;56;261.274;463.837
20;2;57;168.301;556.81
20;2;58;152.245;129.044
20;2;59;137.727;-137.727
20;2;60;109.529;-109.529
20;2;61;94.333;388.953
20;2;62;76.043;-76.043
20;2;63;98.515;-98.515
20;2;64;90.358;634.753
20;2;65;41.888;-41.888
20;2;66;49.233;-49.233
20;2;67;59.577;-59.577
20;2;68;88.218;-88.218
20;2;69;99.247;-99.247
20;2;70;101.591;-101.591
20;2;71;99.249;-99.249
20;2;72;122.125;-122.125
20;2;73;129.659;-129.659
20;2;74;136.337;-136.337
20;2;75;142.435;-142.435
20;2;76;146.865;-146.865
20;2;77;154.607;-154.607
20;2;78;157.985;-157.985
20;2;79;257.328;0.0
20;2;80;268.817;428.168
20;2;81;173.924;-173.924
20;2;82;161.995;-161.995
20;2;83;129.085;280.421
20;2;84;98.088;-98.088
20;2;85;76.303;-76.303
20;2;86;74.295;-74.295
20;2;87;107.139;-107.139
20;2;88;97.736;513.944
20;2;89;64.776;-64.776
20;2;90;83.603;-83.603
20;2;91;85.403;-85.403
20;2;92;111.814;613.297
20;2;93;127.264;-127.264
20;2;94;141.383;-141.383
20;2;95;131.299;-131.299
20;2;96;221.729;-221.729
20;2;97;227.004;-227.004
20;2;98;237.759;48.818
20;2;99;243.016;482.095
20;2;100;255.798;-255.798
20;2;101;266.629;-266.629
20;2;102;325.961;28.118
20;2;103;323.019;402.092
20;2;104;280.975;444.137
20;2;105;271.771;453.34
20;2;106;245.238;-245.238
20;2;107;230.118;-230.118
20;2;108;234.421;-234.421
20;2;109;187.714;-187.714
20;2;110;191.373;-191.373
20;2;111;182.325;-182.325
20;2;112;190.106;0.0
20;2;113;179.606;223.007
20;2;114;220.777;-220.777
20;2;115;230.611;0.0
20;2;116;246.682;0.0
20;2;117;240.454;0.0
20;2;118;213.013;0.0
20;2;119;227.966;497.146
20;2;120;254.189;-254.189
20;2;121;262.664;43.941
20;2;122;276.751;-276.751
20;2;123;285.51;0.0
20;2;124;292.207;0.0
20;2;125;297.931;286.736
20;2;126;352.325;372.786
20;2;127;340.423;384.689
20;2;128;294.313;-294.313
20;2;129;282.458;442.653
20;2;130;272.221;-272.221
20;2;131;255.566;16.665
20;2;132;240.615;484.496
20;2;133;191.162;533.949
20;2;134;177.166;-177.166
20;2;135;164.039;-164.039
20;2;136;162.315;-162.315
20;2;137;168.768;-168.768
20;2;138;204.03;-204.03
20;2;139;211.348;-211.348
20;2;140;224.052;-224.052
20;2;141;239.113;-239.113
20;2;142;210.835;-210.835
20;2;143;229.749;495.362
20;2;144;252.107;-252.107
20;2;145;259.588;-259.588
20;2;146;270.396;0.0
20;2;147;277.469;0.0
20;2;148;285.489;253.676
20;2;149;288.015;437.096
20;2;150;343.335;381.776
20;2;151;344.787;380.324
20;2;152;289.842;435.27
20;2;153;284.986;-284.986
20;2;154;275.662;-275.662
20;2;155;258.066;-258.066
20;2;156;259.61;-259.61
20;2;157;203.605;-203.605
20;2;158;178.911;-178.911
20;2;159;166.068;-166.068
20;2;160;153.279;-153.279
20;2;161;147.714;0.0
20;2;162;182.676;0.0
20;2;163;190.843;0.0
20;2;164;188.796;0.0
20;2;165;186.749;0.0
20;2;166;157.895;0.0
20;2;167;170.51;331.787
20;3;0;508.299;-328.47
20;3;1;514.703;0.0
20;3;2;519.606;205.505
20;3;3;525.955;199.157
20;3;4;532.025;193.086
20;3;5;547.672;177.439
20;3;6;608.385;116.727
20;3;7;601.991;123.12
20;3;8;547.44;177.671
20;3;9;538.281;186.83
20;3;10;528.696;196.415
20;3;11;515.73;209.381
20;3;12;513.571;-513.571
20;3;13;460.498;264.613
20;3;14;409.739;-409.739
20;3;15;388.362;-270.514
20;3;16;375.867;349.244
20;3;17;376.596;348.515
20;3;18;425.078;300.033
20;3;19;444.215;-444.215
20;3;20;469.11;-469.11
20;3;21;481.821;243.29
20;3;22;442.16;282.951
20;3;23;462.145;262.966
20;3;24;494.352;230.76
20;3;25;510.013;-510.013
20;3;26;520.677;204.434
20;3;27;529.64;195.472
20;3;28;539.38;185.731
20;3;29;548.731;176.38
20;3;30;620.358;104.753
20;3;31;609.146;115.965
20;3;32;555.929;169.182
20;3;33;549.459;-108.935
20;3;34;530.062;-530.062
20;3;35;516.087;-516.087
20;3;36;520.511;-520.511
20;3;37;479.811;-479.811
20;3;38;475.228;0.0
20;3;39;484.084;0.0
20;3;40;473.398;0.0
20;3;41;483.071;0.0
20;3;42;515.399;0.0
20;3;43;526.625;0.0
20;3;44;531.301;0.0
20;3;45;524.14;0.0
20;3;46;474.369;0.0
20;3;47;471.632;0.0
20;3;48;418.307;0.0
20;3;49;405.019;0.0
20;3;50;396.372;0.0
20;3;51;385.748;0.0
20;3;52;386.432;0.0
20;3;53;384.319;0.0
20;3;54;379.992;0.0
20;3;55;482.099;0.0
20;3;56;504.076;0.0
20;3;57;397.479;90.525
20;3;58;395.064;330.047
20;3;59;389.462;335.649
20;3;60;376.748;348.363
20;3;61;359.504;-359.504
20;3;62;341.792;-341.792
20;3;63;368.815;-368.815
20;3;64;360.09;0.0
20;3;65;311.324;413.787
20;3;66;319.841;405.27
20;3;67;321.673;318.1
20;3;68;358.158;-358.158
20;3;69;366.123;-366.123
20;3;70;377.967;-377.967
20;3;71;354.201;86.385
20;3;72;371.858;353.253
20;3;73;372.668;352.443
20;3;74;381.967;-381.967
20;3;75;393.024;-393.024
20;3;76;392.239;332.873
20;3;77;395.403;329.708
20;3;78;394.648;330.463
20;3;79;530.243;194.868
20;3;80;527.304;197.807
20;3;81;421.907;303.204
20;3;82;420.684;-420.684
20;3;83;415.908;20.245
20;3;84;405.754;-405.754
20;3;85;392.2;-392.2
20;3;86;392.954;-392.954
20;3;87;415.317;309.794
20;3;88;419.767;305.344
20;3;89;368.872;356.239
20;3;90;389.698;335.413
20;3;91;409.022;-409.022
20;3;92;448.263;-448.263
20;3;93;453.89;-405.034
20;3;94;474.955;0.0
20;3;95;455.356;0.0
20;3;96;555.751;0.0
20;3;97;565.065;0.0
20;3;98;574.005;0.0
20;3;99;585.383;0.0
20;3;100;584.063;0.0
20;3;101;578.827;0.0
20;3;102;629.995;0.0
20;3;103;631.165;0.0
20;3;104;566.364;0.0
20;3;105;550.192;174.919
20;3;106;553.95;-173.17
20;3;107;551.236;0.0
20;3;108;575.064;0.0
20;3;109;536.329;0.0
20;3;110;525.35;0.0
20;3;111;523.667;0.0
20;3;112;505.858;0.0
20;3;113;504.825;0.0
20;3;114;545.125;0.0
20;3;115;537.107;0.0
20;3;116;541.814;0.0
20;3;117;532.06;0.0
20;3;118;485.032;0.0
20;3;119;495.335;229.776
20;3;120;510.795;214.316
20;3;121;513.665;211.446
20;3;122;524.552;200.559
20;3;123;536.487;188.624
20;3;124;552.757;-438.993
20;3;125;568.127;-568.127
20;3;126;632.624;0.0
20;3;127;625.722;0.0
20;3;128;566.71;0.0
20;3;129;568.607;0.0
20;3;130;548.906;0.0
20;3;131;540.471;0.0
20;3;132;560.874;0.0
20;3;133;505.575;0.0
20;3;134;501.222;0.0
20;3;135;497.918;0.0
20;3;136;490.515;234.596
20;3;137;495.413;-232.251
20;3;138;545.447;0.0
20;3;139;544.311;180.8
20;3;140;556.217;-178.992
20;3;141;559.682;0.0
20;3;142;525.393;0.0
20;3;143;538.017;0.0
20;3;144;552.494;172.617
20;3;145;562.864;-170.891
20;3;146;566.42;158.691
20;3;147;573.814;-157.105
20;3;148;578.968;0.0
20;3;149;582.356;0.0
20;3;150;645.16;0.0
20;3;151;622.636;0.0
20;3;152;567.734;0.0
20;3;153;541.031;0.0
20;3;154;517.849;0.0
20;3;155;487.157;0.0
20;3;156;490.371;0.0
20;3;157;450.464;274.647
20;3;158;443.857;-271.9
20;3;159;443.971;0.0
20;3;160;425.929;0.0
20;3;161;418.576;0.0
20;3;162;465.592;0.0
20;3;163;446.969;180.266
20;3;164;453.598;271.513
20;3;165;445.477;-445.477
20;3;166;398.337;326.774
20;3;167;411.559;8.281
