Support_Year;Cluster;Timestep;HP;EB
0;0;0;533.893;0.0
0;0;1;533.893;0.0
0;0;2;533.893;0.0
0;0;3;533.893;0.0
0;0;4;533.893;0.0
0;0;5;533.893;0.0
0;0;6;533.893;0.0
0;0;7;533.893;56.943
0;0;8;533.893;245.539
0;0;9;533.893;194.014
0;0;10;533.893;199.563
0;0;11;533.893;193.003
0;0;12;533.893;163.402
0;0;13;533.893;130.255
0;0;14;533.893;109.56
0;0;15;533.893;123.552
0;0;16;533.893;107.318
0;0;17;533.893;80.508
0;0;18;533.893;89.746
0;0;19;533.893;87.718
0;0;20;533.893;110.995
0;0;21;533.893;103.835
0;0;22;533.893;108.074
0;0;23;533.893;94.567
0;0;24;533.893;48.221
0;0;25;533.893;46.46
0;0;26;533.893;52.414
0;0;27;533.893;50.767
0;0;28;533.893;51.705
0;0;29;533.893;48.281
0;0;30;533.893;84.1
0;0;31;533.893;86.047
0;0;32;533.893;47.334
0;0;33;533.893;49.008
0;0;34;533.893;41.525
0;0;35;533.893;23.199
0;0;36;533.893;20.661
0;0;37;533.893;0.0
0;0;38;533.893;0.0
0;0;39;533.893;0.0
0;0;40;533.893;0.0
0;0;41;533.893;0.0
0;0;42;533.893;0.0
0;0;43;533.893;0.0
0;0;44;533.893;0.0
0;0;45;533.893;0.0
0;0;46;533.893;0.0
0;0;47;533.893;0.0
0;0;48;533.893;0.0
0;0;49;533.893;0.0
0;0;50;533.893;0.0
0;0;51;533.893;0.0
0;0;52;533.893;0.0
0;0;53;533.893;0.0
0;0;54;533.893;0.0
0;0;55;533.893;0.0
0;0;56;533.893;0.0
0;0;57;524.835;0.0
0;0;58;506.449;0.0
0;0;59;486.302;0.0
0;0;60;450.665;0.0
0;0;61;414.214;0.0
0;0;62;396.151;0.0
0;0;63;533.893;0.0
0;0;64;533.893;0.0
0;0;65;112.74;0.0
0;0;66;380.207;0.0
0;0;67;386.089;0.0
0;0;68;533.893;0.0
0;0;69;533.893;0.0
0;0;70;533.893;0.0
0;0;71;533.893;0.0
0;0;72;450.414;0.0
0;0;73;533.893;0.0
0;0;74;486.506;0.0
0;0;75;500.449;0.0
0;0;76;519.385;0.0
0;0;77;533.893;0.0
0;0;78;430.235;0.0
0;0;79;533.893;0.0
0;0;80;533.893;0.0
0;0;81;533.893;0.0
0;0;82;533.893;0.0
0;0;83;533.893;0.0
0;0;84;533.893;0.0
0;0;85;517.189;0.0
0;0;86;484.091;0.0
0;0;87;507.671;0.0
0;0;88;484.938;0.0
0;0;89;449.822;0.0
0;0;90;453.891;0.0
0;0;91;460.893;0.0
0;0;92;479.029;0.0
0;0;93;489.119;0.0
0;0;94;492.108;0.0
0;0;95;468.846;0.0
0;0;96;511.135;0.0
0;0;97;511.934;0.0
0;0;98;513.018;0.0
0;0;99;510.581;0.0
0;0;100;523.429;0.0
0;0;101;533.893;0.0
0;0;102;533.893;0.0
0;0;103;533.893;0.0
0;0;104;512.885;0.0
0;0;105;508.64;0.0
0;0;106;498.769;0.0
0;0;107;478.345;0.0
0;0;108;475.865;0.0
0;0;109;448.025;0.0
0;0;110;439.479;0.0
0;0;111;437.86;0.0
0;0;112;432.652;0.0
0;0;113;533.893;0.0
0;0;114;355.7;0.0
0;0;115;467.129;0.0
0;0;116;467.015;0.0
0;0;117;465.181;0.0
0;0;118;435.14;0.0
0;0;119;432.885;0.0
0;0;120;425.74;0.0
0;0;121;419.824;0.0
0;0;122;406.32;0.0
0;0;123;394.741;0.0
0;0;124;390.093;0.0
0;0;125;378.237;0.0
0;0;126;407.867;0.0
0;0;127;404.102;0.0
0;0;128;355.517;0.0
0;0;129;354.674;0.0
0;0;130;533.893;0.0
0;0;131;533.893;0.0
0;0;132;286.444;0.0
0;0;133;0.0;0.0
0;0;134;533.893;0.0
0;0;135;533.893;0.0
0;0;136;410.43;0.0
0;0;137;335.114;0.0
0;0;138;0.0;0.0
0;0;139;230.284;0.0
0;0;140;389.238;0.0
0;0;141;403.759;0.0
0;0;142;369.914;0.0
0;0;143;379.713;0.0
0;0;144;392.321;0.0
0;0;145;394.726;0.0
0;0;146;403.433;0.0
0;0;147;407.171;0.0
0;0;148;533.893;0.0
0;0;149;303.082;0.0
0;0;150;533.893;0.0
0;0;151;533.893;0.0
0;0;152;344.924;0.0
0;0;153;458.514;0.0
0;0;154;457.583;0.0
0;0;155;441.5;0.0
0;0;156;440.797;0.0
0;0;157;384.873;0.0
0;0;158;353.974;0.0
0;0;159;348.382;0.0
0;0;160;533.893;0.0
0;0;161;401.154;0.0
0;0;162;533.893;0.0
0;0;163;533.893;0.0
0;0;164;31.261;0.0
0;0;165;533.893;0.0
0;0;166;533.893;0.0
0;0;167;533.893;0.0
0;1;0;0.0;0.0
0;1;1;0.0;0.0
0;1;2;0.0;0.0
0;1;3;0.0;0.0
0;1;4;0.0;0.0
0;1;5;0.0;0.0
0;1;6;0.0;0.0
0;1;7;0.0;0.0
0;1;8;0.0;0.0
0;1;9;0.0;0.0
0;1;10;0.0;0.0
0;1;11;0.0;0.0
0;1;12;0.0;0.0
0;1;13;0.0;0.0
0;1;14;0.0;0.0
0;1;15;0.0;0.0
0;1;16;0.0;0.0
0;1;17;0.0;0.0
0;1;18;0.0;0.0
0;1;19;0.0;0.0
0;1;20;0.0;0.0
0;1;21;0.0;0.0
0;1;22;0.0;0.0
0;1;23;0.0;0.0
0;1;24;0.0;0.0
0;1;25;0.0;0.0
0;1;26;0.0;0.0
0;1;27;0.0;0.0
0;1;28;0.0;0.0
0;1;29;18.551;0.0
0;1;30;0.0;0.0
0;1;31;38.417;0.0
0;1;32;12.684;0.0
0;1;33;12.707;0.0
0;1;34;12.019;0.0
0;1;35;15.69;0.0
0;1;36;20.898;0.0
0;1;37;11.501;0.0
0;1;38;10.579;0.0
0;1;39;24.163;0.0
0;1;40;0.0;0.0
0;1;41;317.564;0.0
0;1;42;0.0;0.0
0;1;43;0.0;0.0
0;1;44;0.0;0.0
0;1;45;0.0;0.0
0;1;46;0.0;0.0
0;1;47;0.0;0.0
0;1;48;0.0;0.0
0;1;49;0.0;0.0
0;1;50;0.0;0.0
0;1;51;0.0;0.0
0;1;52;0.0;0.0
0;1;53;0.0;0.0
0;1;54;0.0;0.0
0;1;55;0.0;0.0
0;1;56;0.0;0.0
0;1;57;0.0;0.0
0;1;58;14.175;0.0
0;1;59;12.368;0.0
0;1;60;10.199;0.0
0;1;61;12.475;0.0
0;1;62;17.899;0.0
0;1;63;357.14;0.0
0;1;64;0.0;0.0
0;1;65;0.0;0.0
0;1;66;0.0;0.0
0;1;67;0.0;0.0
0;1;68;0.0;0.0
0;1;69;0.0;0.0
0;1;70;0.0;0.0
0;1;71;0.0;0.0
0;1;72;0.0;0.0
0;1;73;0.0;0.0
0;1;74;0.0;0.0
0;1;75;0.0;0.0
0;1;76;0.0;0.0
0;1;77;0.0;0.0
0;1;78;0.0;0.0
0;1;79;0.0;0.0
0;1;80;0.0;0.0
0;1;81;15.149;0.0
0;1;82;13.479;0.0
0;1;83;12.472;0.0
0;1;84;9.155;0.0
0;1;85;13.407;0.0
0;1;86;16.477;0.0
0;1;87;300.296;0.0
0;1;88;0.0;0.0
0;1;89;0.0;0.0
0;1;90;0.0;0.0
0;1;91;0.0;0.0
0;1;92;0.0;0.0
0;1;93;0.0;0.0
0;1;94;0.0;0.0
0;1;95;0.0;0.0
0;1;96;0.0;0.0
0;1;97;0.0;0.0
0;1;98;0.0;0.0
0;1;99;0.0;0.0
0;1;100;0.0;0.0
0;1;101;0.0;0.0
0;1;102;0.0;0.0
0;1;103;0.0;0.0
0;1;104;0.0;0.0
0;1;105;13.544;0.0
0;1;106;14.262;0.0
0;1;107;14.083;0.0
0;1;108;22.358;0.0
0;1;109;11.836;0.0
0;1;110;12.412;0.0
0;1;111;14.504;0.0
0;1;112;14.608;0.0
0;1;113;256.313;0.0
0;1;114;0.0;0.0
0;1;115;0.0;0.0
0;1;116;0.0;0.0
0;1;117;0.0;0.0
0;1;118;0.0;0.0
0;1;119;0.0;0.0
0;1;120;0.0;0.0
0;1;121;0.0;0.0
0;1;122;0.0;0.0
0;1;123;0.0;0.0
0;1;124;0.0;0.0
0;1;125;0.0;0.0
0;1;126;0.0;0.0
0;1;127;0.0;0.0
0;1;128;0.0;0.0
0;1;129;13.323;0.0
0;1;130;15.299;0.0
0;1;131;14.822;0.0
0;1;132;25.951;0.0
0;1;133;12.347;0.0
0;1;134;13.425;0.0
0;1;135;12.955;0.0
0;1;136;8.77;0.0
0;1;137;241.827;0.0
0;1;138;0.0;0.0
0;1;139;0.0;0.0
0;1;140;0.0;0.0
0;1;141;0.0;0.0
0;1;142;0.0;0.0
0;1;143;0.0;0.0
0;1;144;0.0;0.0
0;1;145;0.0;0.0
0;1;146;0.0;0.0
0;1;147;0.0;0.0
0;1;148;0.0;0.0
0;1;149;0.0;0.0
0;1;150;0.0;0.0
0;1;151;0.0;0.0
0;1;152;0.0;0.0
0;1;153;15.078;0.0
0;1;154;16.549;0.0
0;1;155;9.981;0.0
0;1;156;22.847;0.0
0;1;157;12.661;0.0
0;1;158;10.377;0.0
0;1;159;528.479;0.0
0;1;160;0.0;0.0
0;1;161;30.481;0.0
0;1;162;31.36;0.0
0;1;163;30.848;0.0
0;1;164;32.808;0.0
0;1;165;9.593;0.0
0;1;166;0.0;0.0
0;1;167;0.0;0.0
0;2;0;0.0;0.0
0;2;1;0.0;0.0
0;2;2;533.893;0.0
0;2;3;0.0;0.0
0;2;4;183.197;0.0
0;2;5;533.893;0.0
0;2;6;0.0;0.0
0;2;7;344.292;0.0
0;2;8;0.0;0.0
0;2;9;279.424;0.0
0;2;10;258.822;0.0
0;2;11;222.359;0.0
0;2;12;190.308;0.0
0;2;13;137.515;0.0
0;2;14;126.281;0.0
0;2;15;196.171;0.0
0;2;16;533.893;0.0
0;2;17;118.704;0.0
0;2;18;0.0;0.0
0;2;19;359.522;0.0
0;2;20;216.011;0.0
0;2;21;0.0;0.0
0;2;22;459.02;0.0
0;2;23;256.062;0.0
0;2;24;0.0;0.0
0;2;25;85.111;0.0
0;2;26;533.893;0.0
0;2;27;133.347;0.0
0;2;28;533.893;0.0
0;2;29;198.649;0.0
0;2;30;415.955;0.0
0;2;31;429.466;0.0
0;2;32;413.333;0.0
0;2;33;391.951;0.0
0;2;34;351.185;0.0
0;2;35;314.024;0.0
0;2;36;254.707;0.0
0;2;37;198.196;0.0
0;2;38;150.64;0.0
0;2;39;122.599;0.0
0;2;40;533.893;0.0
0;2;41;181.489;0.0
0;2;42;144.26;0.0
0;2;43;161.896;0.0
0;2;44;175.059;0.0
0;2;45;188.948;0.0
0;2;46;0.0;0.0
0;2;47;247.744;0.0
0;2;48;0.0;0.0
0;2;49;0.0;0.0
0;2;50;204.008;0.0
0;2;51;214.349;0.0
0;2;52;218.048;0.0
0;2;53;223.635;0.0
0;2;54;217.083;0.0
0;2;55;260.924;0.0
0;2;56;253.976;0.0
0;2;57;199.734;0.0
0;2;58;185.199;0.0
0;2;59;167.262;0.0
0;2;60;148.55;0.0
0;2;61;121.827;0.0
0;2;62;101.514;0.0
0;2;63;111.79;0.0
0;2;64;145.125;0.0
0;2;65;533.893;0.0
0;2;66;0.0;0.0
0;2;67;194.358;0.0
0;2;68;0.0;0.0
0;2;69;207.45;0.0
0;2;70;0.0;0.0
0;2;71;0.0;0.0
0;2;72;0.0;0.0
0;2;73;173.245;0.0
0;2;74;181.226;0.0
0;2;75;187.085;0.0
0;2;76;191.534;0.0
0;2;77;199.211;0.0
0;2;78;204.041;0.0
0;2;79;268.364;0.0
0;2;80;271.678;0.0
0;2;81;216.048;0.0
0;2;82;205.66;0.0
0;2;83;170.432;0.0
0;2;84;130.539;0.0
0;2;85;108.11;0.0
0;2;86;533.893;0.0
0;2;87;200.252;0.0
0;2;88;103.58;0.0
0;2;89;0.0;0.0
0;2;90;0.0;0.0
0;2;91;0.0;0.0
0;2;92;533.893;0.0
0;2;93;174.819;0.0
0;2;94;0.0;0.0
0;2;95;381.174;0.0
0;2;96;0.0;0.0
0;2;97;23.598;0.0
0;2;98;279.677;0.0
0;2;99;533.893;0.0
0;2;100;373.684;0.0
0;2;101;0.0;0.0
0;2;102;348.92;0.0
0;2;103;356.593;0.0
0;2;104;331.792;0.0
0;2;105;320.318;0.0
0;2;106;297.957;0.0
0;2;107;275.187;0.0
0;2;108;272.577;0.0
0;2;109;468.651;0.0
0;2;110;0.0;0.0
0;2;111;226.404;0.0
0;2;112;227.311;0.0
0;2;113;239.232;0.0
0;2;114;261.744;0.0
0;2;115;275.474;0.0
0;2;116;285.399;0.0
0;2;117;295.396;0.0
0;2;118;268.696;0.0
0;2;119;533.893;0.0
0;2;120;56.008;0.0
0;2;121;533.893;0.0
0;2;122;114.737;0.0
0;2;123;336.59;0.0
0;2;124;345.494;0.0
0;2;125;350.646;0.0
0;2;126;389.807;0.0
0;2;127;379.043;0.0
0;2;128;352.665;0.0
0;2;129;342.066;0.0
0;2;130;325.835;0.0
0;2;131;300.859;0.0
0;2;132;278.09;0.0
0;2;133;231.398;0.0
0;2;134;533.893;0.0
0;2;135;391.006;0.0
0;2;136;0.0;0.0
0;2;137;131.154;0.0
0;2;138;0.0;0.0
0;2;139;533.893;0.0
0;2;140;266.862;0.0
0;2;141;0.0;0.0
0;2;142;533.893;0.0
0;2;143;0.0;0.0
0;2;144;300.8;0.0
0;2;145;310.184;0.0
0;2;146;321.922;0.0
0;2;147;328.063;0.0
0;2;148;335.473;0.0
0;2;149;338.651;0.0
0;2;150;384.19;0.0
0;2;151;381.092;0.0
0;2;152;347.083;0.0
0;2;153;336.122;0.0
0;2;154;319.006;0.0
0;2;155;301.751;0.0
0;2;156;286.309;0.0
0;2;157;239.13;0.0
0;2;158;216.628;0.0
0;2;159;199.379;0.0
0;2;160;189.094;0.0
0;2;161;183.973;0.0
0;2;162;217.573;0.0
0;2;163;223.295;0.0
0;2;164;225.087;0.0
0;2;165;230.132;0.0
0;2;166;367.891;0.0
0;2;167;533.893;0.0
0;3;0;533.893;0.0
0;3;1;533.893;0.0
0;3;2;533.893;0.0
0;3;3;533.893;0.0
0;3;4;533.893;0.0
0;3;5;533.893;0.0
0;3;6;533.893;5.267
0;3;7;533.893;124.734
0;3;8;533.893;80.934
0;3;9;533.893;76.05
0;3;10;533.893;59.526
0;3;11;533.893;35.527
0;3;12;533.893;32.51
0;3;13;533.893;0.0
0;3;14;533.893;0.0
0;3;15;533.893;0.0
0;3;16;533.893;0.0
0;3;17;533.893;0.0
0;3;18;533.893;0.0
0;3;19;533.893;0.0
0;3;20;533.893;0.0
0;3;21;533.893;0.0
0;3;22;533.893;0.0
0;3;23;533.893;0.0
0;3;24;533.893;0.0
0;3;25;533.893;0.0
0;3;26;533.893;0.0
0;3;27;533.893;0.0
0;3;28;533.893;0.0
0;3;29;533.893;0.0
0;3;30;533.893;0.0
0;3;31;533.893;94.541
0;3;32;533.893;91.209
0;3;33;533.893;91.576
0;3;34;533.893;61.475
0;3;35;533.893;39.026
0;3;36;533.893;34.15
0;3;37;533.893;3.675
0;3;38;533.893;0.0
0;3;39;533.893;0.02
0;3;40;533.893;3.94
0;3;41;533.893;5.01
0;3;42;533.893;39.388
0;3;43;533.893;36.518
0;3;44;533.893;35.71
0;3;45;533.893;42.623
0;3;46;533.893;12.366
0;3;47;533.893;2.828
0;3;48;487.73;0.0
0;3;49;472.796;0.0
0;3;50;465.003;0.0
0;3;51;453.791;0.0
0;3;52;450.372;0.0
0;3;53;446.204;0.0
0;3;54;441.778;0.0
0;3;55;511.281;0.0
0;3;56;518.943;0.0
0;3;57;455.937;0.0
0;3;58;454.089;0.0
0;3;59;438.507;0.0
0;3;60;433.314;0.0
0;3;61;408.243;0.0
0;3;62;389.933;0.0
0;3;63;399.634;0.0
0;3;64;393.453;0.0
0;3;65;533.893;0.0
0;3;66;533.893;0.0
0;3;67;533.893;0.0
0;3;68;450.496;0.0
0;3;69;0.0;0.0
0;3;70;335.519;0.0
0;3;71;420.376;0.0
0;3;72;433.242;0.0
0;3;73;437.838;0.0
0;3;74;445.876;0.0
0;3;75;455.599;0.0
0;3;76;456.846;0.0
0;3;77;459.759;0.0
0;3;78;533.893;0.0
0;3;79;485.085;0.0
0;3;80;533.893;0.0
0;3;81;483.29;0.0
0;3;82;482.526;0.0
0;3;83;478.395;0.0
0;3;84;467.76;0.0
0;3;85;533.893;0.0
0;3;86;497.625;0.0
0;3;87;533.893;0.0
0;3;88;533.893;0.0
0;3;89;533.893;0.0
0;3;90;533.893;0.0
0;3;91;533.893;0.0
0;3;92;495.024;0.0
0;3;93;533.893;0.0
0;3;94;533.893;0.0
0;3;95;533.893;0.0
0;3;96;533.893;0.0
0;3;97;533.893;0.0
0;3;98;533.893;0.0
0;3;99;533.893;0.0
0;3;100;533.893;0.0
0;3;101;533.893;69.261
0;3;102;533.893;134.015
0;3;103;533.893;122.833
0;3;104;533.893;84.702
0;3;105;533.893;59.658
0;3;106;533.893;73.901
0;3;107;533.893;74.84
0;3;108;533.893;86.987
0;3;109;533.893;62.246
0;3;110;533.893;49.606
0;3;111;533.893;47.811
0;3;112;533.893;42.801
0;3;113;533.893;30.723
0;3;114;533.893;61.854
0;3;115;533.893;56.843
0;3;116;533.893;60.168
0;3;117;533.893;51.024
0;3;118;533.893;13.015
0;3;119;533.893;18.236
0;3;120;533.893;36.122
0;3;121;533.893;37.5
0;3;122;533.893;47.769
0;3;123;533.893;60.393
0;3;124;533.893;77.673
0;3;125;533.893;92.968
0;3;126;533.893;130.743
0;3;127;533.893;134.929
0;3;128;533.893;104.035
0;3;129;533.893;97.735
0;3;130;533.893;83.883
0;3;131;533.893;71.45
0;3;132;533.893;73.186
0;3;133;533.893;31.278
0;3;134;533.893;24.864
0;3;135;533.893;23.628
0;3;136;533.893;21.64
0;3;137;533.893;23.378
0;3;138;533.893;56.282
0;3;139;533.893;68.416
0;3;140;533.893;70.34
0;3;141;533.893;77.013
0;3;142;533.893;63.556
0;3;143;533.893;73.417
0;3;144;533.893;84.959
0;3;145;533.893;93.431
0;3;146;533.893;96.735
0;3;147;533.893;108.714
0;3;148;533.893;110.919
0;3;149;533.893;113.63
0;3;150;533.893;155.77
0;3;151;533.893;156.118
0;3;152;533.893;95.692
0;3;153;533.893;71.299
0;3;154;533.893;48.635
0;3;155;533.893;16.597
0;3;156;533.893;7.741
0;3;157;533.893;0.0
0;3;158;533.893;0.0
0;3;159;533.893;0.0
0;3;160;533.893;0.0
0;3;161;533.893;0.0
0;3;162;533.893;0.0
0;3;163;533.893;0.0
0;3;164;533.893;0.0
0;3;165;533.893;0.0
0;3;166;533.893;0.0
0;3;167;533.893;0.0
5;0;0;415.816;0.0
5;0;1;533.893;0.0
5;0;2;533.893;0.0
5;0;3;533.893;0.0
5;0;4;533.893;0.0
5;0;5;533.893;0.0
5;0;6;533.893;0.0
5;0;7;533.893;0.0
5;0;8;533.893;0.0
5;0;9;533.893;16.545
5;0;10;533.893;121.684
5;0;11;533.893;115.82
5;0;12;533.893;89.362
5;0;13;533.893;59.734
5;0;14;533.893;41.237
5;0;15;533.893;53.744
5;0;16;533.893;39.233
5;0;17;533.893;15.27
5;0;18;533.893;23.526
5;0;19;533.893;21.714
5;0;20;533.893;42.52
5;0;21;533.893;36.12
5;0;22;533.893;39.908
5;0;23;533.893;27.836
5;0;24;520.304;0.0
5;0;25;518.73;0.0
5;0;26;528.489;0.0
5;0;27;533.893;0.0
5;0;28;533.893;0.0
5;0;29;533.893;0.0
5;0;30;533.893;0.0
5;0;31;533.893;0.0
5;0;32;519.511;0.0
5;0;33;521.008;0.0
5;0;34;514.319;0.0
5;0;35;497.939;0.0
5;0;36;495.67;0.0
5;0;37;460.348;0.0
5;0;38;449.555;0.0
5;0;39;437.86;0.0
5;0;40;434.59;0.0
5;0;41;533.893;0.0
5;0;42;379.404;0.0
5;0;43;477.354;0.0
5;0;44;483.955;0.0
5;0;45;533.893;0.0
5;0;46;396.435;0.0
5;0;47;458.006;0.0
5;0;48;479.087;0.0
5;0;49;480.255;0.0
5;0;50;533.893;0.0
5;0;51;446.352;0.0
5;0;52;495.1;0.0
5;0;53;490.298;0.0
5;0;54;482.337;0.0
5;0;55;533.893;0.0
5;0;56;533.893;0.0
5;0;57;469.107;0.0
5;0;58;452.674;0.0
5;0;59;434.665;0.0
5;0;60;402.812;0.0
5;0;61;370.232;0.0
5;0;62;354.087;0.0
5;0;63;533.893;0.0
5;0;64;533.893;0.0
5;0;65;0.0;0.0
5;0;66;329.03;0.0
5;0;67;345.093;0.0
5;0;68;533.893;0.0
5;0;69;533.893;0.0
5;0;70;533.893;0.0
5;0;71;419.416;0.0
5;0;72;292.853;0.0
5;0;73;533.893;0.0
5;0;74;435.396;0.0
5;0;75;447.858;0.0
5;0;76;464.784;0.0
5;0;77;478.027;0.0
5;0;78;85.33;0.0
5;0;79;533.893;0.0
5;0;80;533.893;0.0
5;0;81;526.09;0.0
5;0;82;517.033;0.0
5;0;83;507.386;0.0
5;0;84;482.871;0.0
5;0;85;462.273;0.0
5;0;86;432.689;0.0
5;0;87;453.766;0.0
5;0;88;433.446;0.0
5;0;89;402.059;0.0
5;0;90;405.696;0.0
5;0;91;411.954;0.0
5;0;92;428.165;0.0
5;0;93;437.183;0.0
5;0;94;439.855;0.0
5;0;95;419.063;0.0
5;0;96;456.861;0.0
5;0;97;457.576;0.0
5;0;98;458.545;0.0
5;0;99;456.366;0.0
5;0;100;453.334;0.0
5;0;101;453.077;0.0
5;0;102;494.201;0.0
5;0;103;498.105;0.0
5;0;104;458.426;0.0
5;0;105;454.632;0.0
5;0;106;445.808;0.0
5;0;107;427.554;0.0
5;0;108;425.337;0.0
5;0;109;400.452;0.0
5;0;110;392.814;0.0
5;0;111;391.367;0.0
5;0;112;386.713;0.0
5;0;113;533.893;0.0
5;0;114;261.808;0.0
5;0;115;417.529;0.0
5;0;116;417.426;0.0
5;0;117;415.787;0.0
5;0;118;388.936;0.0
5;0;119;386.921;0.0
5;0;120;380.534;0.0
5;0;121;375.246;0.0
5;0;122;363.176;0.0
5;0;123;352.827;0.0
5;0;124;348.673;0.0
5;0;125;338.075;0.0
5;0;126;364.559;0.0
5;0;127;361.193;0.0
5;0;128;317.767;0.0
5;0;129;317.014;0.0
5;0;130;533.893;0.0
5;0;131;533.893;0.0
5;0;132;144.344;0.0
5;0;133;0.0;0.0
5;0;134;533.893;0.0
5;0;135;533.893;0.0
5;0;136;309.953;0.0
5;0;137;300.079;0.0
5;0;138;0.0;0.0
5;0;139;152.134;0.0
5;0;140;347.908;0.0
5;0;141;360.887;0.0
5;0;142;330.635;0.0
5;0;143;339.395;0.0
5;0;144;350.663;0.0
5;0;145;352.813;0.0
5;0;146;360.596;0.0
5;0;147;363.937;0.0
5;0;148;533.893;0.0
5;0;149;214.777;0.0
5;0;150;533.893;0.0
5;0;151;533.893;0.0
5;0;152;196.615;0.0
5;0;153;409.828;0.0
5;0;154;408.996;0.0
5;0;155;394.621;0.0
5;0;156;393.993;0.0
5;0;157;344.006;0.0
5;0;158;316.389;0.0
5;0;159;311.39;0.0
5;0;160;533.893;0.0
5;0;161;104.515;0.0
5;0;162;533.893;0.0
5;0;163;533.893;0.0
5;0;164;0.0;0.0
5;0;165;457.849;0.0
5;0;166;533.893;0.0
5;0;167;533.893;0.0
5;1;0;0.0;0.0
5;1;1;0.0;0.0
5;1;2;0.0;0.0
5;1;3;0.0;0.0
5;1;4;0.0;0.0
5;1;5;0.0;0.0
5;1;6;0.0;0.0
5;1;7;0.0;0.0
5;1;8;0.0;0.0
5;1;9;0.0;0.0
5;1;10;0.0;0.0
5;1;11;0.0;0.0
5;1;12;0.0;0.0
5;1;13;0.0;0.0
5;1;14;0.0;0.0
5;1;15;0.0;0.0
5;1;16;0.0;0.0
5;1;17;0.0;0.0
5;1;18;0.0;0.0
5;1;19;0.0;0.0
5;1;20;0.0;0.0
5;1;21;0.0;0.0
5;1;22;0.0;0.0
5;1;23;0.0;0.0
5;1;24;0.0;0.0
5;1;25;0.0;0.0
5;1;26;0.0;0.0
5;1;27;0.0;0.0
5;1;28;0.0;0.0
5;1;29;24.896;0.0
5;1;30;0.0;0.0
5;1;31;34.338;0.0
5;1;32;11.337;0.0
5;1;33;11.358;0.0
5;1;34;10.743;0.0
5;1;35;14.024;0.0
5;1;36;18.679;0.0
5;1;37;10.279;0.0
5;1;38;9.456;0.0
5;1;39;21.598;0.0
5;1;40;0.0;0.0
5;1;41;283.844;0.0
5;1;42;0.0;0.0
5;1;43;0.0;0.0
5;1;44;0.0;0.0
5;1;45;0.0;0.0
5;1;46;0.0;0.0
5;1;47;0.0;0.0
5;1;48;0.0;0.0
5;1;49;0.0;0.0
5;1;50;0.0;0.0
5;1;51;0.0;0.0
5;1;52;0.0;0.0
5;1;53;0.0;0.0
5;1;54;0.0;0.0
5;1;55;0.0;0.0
5;1;56;0.0;0.0
5;1;57;0.0;0.0
5;1;58;12.67;0.0
5;1;59;11.055;0.0
5;1;60;9.116;0.0
5;1;61;11.15;0.0
5;1;62;15.998;0.0
5;1;63;319.218;0.0
5;1;64;0.0;0.0
5;1;65;0.0;0.0
5;1;66;0.0;0.0
5;1;67;0.0;0.0
5;1;68;0.0;0.0
5;1;69;0.0;0.0
5;1;70;0.0;0.0
5;1;71;0.0;0.0
5;1;72;0.0;0.0
5;1;73;0.0;0.0
5;1;74;0.0;0.0
5;1;75;0.0;0.0
5;1;76;0.0;0.0
5;1;77;0.0;0.0
5;1;78;0.0;0.0
5;1;79;0.0;0.0
5;1;80;0.0;0.0
5;1;81;13.54;0.0
5;1;82;12.048;0.0
5;1;83;11.148;0.0
5;1;84;8.183;0.0
5;1;85;11.984;0.0
5;1;86;14.727;0.0
5;1;87;268.41;0.0
5;1;88;0.0;0.0
5;1;89;0.0;0.0
5;1;90;0.0;0.0
5;1;91;0.0;0.0
5;1;92;0.0;0.0
5;1;93;0.0;0.0
5;1;94;0.0;0.0
5;1;95;0.0;0.0
5;1;96;0.0;0.0
5;1;97;0.0;0.0
5;1;98;0.0;0.0
5;1;99;0.0;0.0
5;1;100;0.0;0.0
5;1;101;0.0;0.0
5;1;102;0.0;0.0
5;1;103;0.0;0.0
5;1;104;0.0;0.0
5;1;105;12.105;0.0
5;1;106;12.748;0.0
5;1;107;12.588;0.0
5;1;108;19.984;0.0
5;1;109;10.579;0.0
5;1;110;11.094;0.0
5;1;111;12.964;0.0
5;1;112;13.057;0.0
5;1;113;229.097;0.0
5;1;114;0.0;0.0
5;1;115;0.0;0.0
5;1;116;0.0;0.0
5;1;117;0.0;0.0
5;1;118;0.0;0.0
5;1;119;0.0;0.0
5;1;120;0.0;0.0
5;1;121;0.0;0.0
5;1;122;0.0;0.0
5;1;123;0.0;0.0
5;1;124;0.0;0.0
5;1;125;0.0;0.0
5;1;126;0.0;0.0
5;1;127;0.0;0.0
5;1;128;0.0;0.0
5;1;129;11.908;0.0
5;1;130;13.675;0.0
5;1;131;13.249;0.0
5;1;132;23.195;0.0
5;1;133;11.036;0.0
5;1;134;12.0;0.0
5;1;135;11.58;0.0
5;1;136;7.839;0.0
5;1;137;216.149;0.0
5;1;138;0.0;0.0
5;1;139;0.0;0.0
5;1;140;0.0;0.0
5;1;141;0.0;0.0
5;1;142;0.0;0.0
5;1;143;0.0;0.0
5;1;144;0.0;0.0
5;1;145;0.0;0.0
5;1;146;0.0;0.0
5;1;147;0.0;0.0
5;1;148;0.0;0.0
5;1;149;0.0;0.0
5;1;150;0.0;0.0
5;1;151;0.0;0.0
5;1;152;0.0;0.0
5;1;153;13.477;0.0
5;1;154;14.792;0.0
5;1;155;8.921;0.0
5;1;156;20.421;0.0
5;1;157;11.317;0.0
5;1;158;9.276;0.0
5;1;159;527.152;0.0
5;1;160;0.0;0.0
5;1;161;28.335;0.0
5;1;162;28.578;0.0
5;1;163;0.0;0.0
5;1;164;0.0;0.0
5;1;165;0.0;0.0
5;1;166;0.0;0.0
5;1;167;0.0;0.0
5;2;0;0.0;0.0
5;2;1;0.0;0.0
5;2;2;533.893;0.0
5;2;3;0.0;0.0
5;2;4;116.951;0.0
5;2;5;533.893;0.0
5;2;6;0.0;0.0
5;2;7;254.037;0.0
5;2;8;0.0;0.0
5;2;9;249.754;0.0
5;2;10;231.339;0.0
5;2;11;198.749;0.0
5;2;12;170.101;0.0
5;2;13;122.914;0.0
5;2;14;112.873;0.0
5;2;15;173.421;0.0
5;2;16;533.893;0.0
5;2;17;106.648;0.0
5;2;18;0.0;0.0
5;2;19;322.438;0.0
5;2;20;193.623;0.0
5;2;21;0.0;0.0
5;2;22;411.371;0.0
5;2;23;229.42;0.0
5;2;24;0.0;0.0
5;2;25;22.376;0.0
5;2;26;533.893;0.0
5;2;27;63.065;0.0
5;2;28;533.893;0.0
5;2;29;121.433;0.0
5;2;30;371.789;0.0
5;2;31;383.865;0.0
5;2;32;369.445;0.0
5;2;33;350.333;0.0
5;2;34;313.896;0.0
5;2;35;280.681;0.0
5;2;36;227.662;0.0
5;2;37;177.151;0.0
5;2;38;134.645;0.0
5;2;39;109.581;0.0
5;2;40;533.893;0.0
5;2;41;160.883;0.0
5;2;42;129.49;0.0
5;2;43;145.253;0.0
5;2;44;157.018;0.0
5;2;45;169.433;0.0
5;2;46;0.0;0.0
5;2;47;167.74;0.0
5;2;48;0.0;0.0
5;2;49;0.0;0.0
5;2;50;182.346;0.0
5;2;51;191.589;0.0
5;2;52;194.896;0.0
5;2;53;199.889;0.0
5;2;54;194.033;0.0
5;2;55;233.219;0.0
5;2;56;227.009;0.0
5;2;57;178.526;0.0
5;2;58;165.535;0.0
5;2;59;149.502;0.0
5;2;60;132.776;0.0
5;2;61;108.892;0.0
5;2;62;90.735;0.0
5;2;63;99.92;0.0
5;2;64;127.795;0.0
5;2;65;533.893;0.0
5;2;66;0.0;0.0
5;2;67;174.811;0.0
5;2;68;0.0;0.0
5;2;69;131.725;0.0
5;2;70;0.0;0.0
5;2;71;0.0;0.0
5;2;72;0.0;0.0
5;2;73;154.849;0.0
5;2;74;161.983;0.0
5;2;75;167.22;0.0
5;2;76;171.196;0.0
5;2;77;178.058;0.0
5;2;78;182.376;0.0
5;2;79;239.868;0.0
5;2;80;242.83;0.0
5;2;81;193.108;0.0
5;2;82;183.822;0.0
5;2;83;152.335;0.0
5;2;84;116.678;0.0
5;2;85;96.631;0.0
5;2;86;533.893;0.0
5;2;87;177.654;0.0
5;2;88;36.362;0.0
5;2;89;0.0;0.0
5;2;90;0.0;0.0
5;2;91;0.0;0.0
5;2;92;533.893;0.0
5;2;93;156.804;0.0
5;2;94;0.0;0.0
5;2;95;308.522;0.0
5;2;96;0.0;0.0
5;2;97;0.0;0.0
5;2;98;249.981;0.0
5;2;99;533.893;0.0
5;2;100;277.883;0.0
5;2;101;0.0;0.0
5;2;102;311.871;0.0
5;2;103;318.729;0.0
5;2;104;296.562;0.0
5;2;105;286.306;0.0
5;2;106;266.319;0.0
5;2;107;245.967;0.0
5;2;108;243.635;0.0
5;2;109;418.889;0.0
5;2;110;0.0;0.0
5;2;111;202.364;0.0
5;2;112;203.175;0.0
5;2;113;213.83;0.0
5;2;114;233.952;0.0
5;2;115;246.224;0.0
5;2;116;255.095;0.0
5;2;117;264.031;0.0
5;2;118;240.165;0.0
5;2;119;533.893;0.0
5;2;120;0.0;0.0
5;2;121;533.893;0.0
5;2;122;40.49;0.0
5;2;123;300.85;0.0
5;2;124;308.809;0.0
5;2;125;313.413;0.0
5;2;126;348.416;0.0
5;2;127;338.796;0.0
5;2;128;315.218;0.0
5;2;129;305.745;0.0
5;2;130;291.237;0.0
5;2;131;268.913;0.0
5;2;132;248.562;0.0
5;2;133;206.828;0.0
5;2;134;533.893;0.0
5;2;135;348.154;0.0
5;2;136;0.0;0.0
5;2;137;63.53;0.0
5;2;138;0.0;0.0
5;2;139;533.893;0.0
5;2;140;172.942;0.0
5;2;141;0.0;0.0
5;2;142;486.476;0.0
5;2;143;0.0;0.0
5;2;144;268.861;0.0
5;2;145;277.248;0.0
5;2;146;287.74;0.0
5;2;147;293.229;0.0
5;2;148;299.852;0.0
5;2;149;302.693;0.0
5;2;150;343.396;0.0
5;2;151;340.627;0.0
5;2;152;310.229;0.0
5;2;153;300.432;0.0
5;2;154;285.134;0.0
5;2;155;269.711;0.0
5;2;156;255.908;0.0
5;2;157;213.739;0.0
5;2;158;193.626;0.0
5;2;159;178.208;0.0
5;2;160;169.015;0.0
5;2;161;164.438;0.0
5;2;162;194.471;0.0
5;2;163;199.585;0.0
5;2;164;201.187;0.0
5;2;165;205.696;0.0
5;2;166;260.212;0.0
5;2;167;533.893;0.0
5;3;0;229.072;0.0
5;3;1;533.893;0.0
5;3;2;533.893;0.0
5;3;3;533.893;0.0
5;3;4;533.893;0.0
5;3;5;533.893;0.0
5;3;6;533.893;0.0
5;3;7;533.893;0.0
5;3;8;533.893;0.0
5;3;9;533.893;0.0
5;3;10;530.409;0.0
5;3;11;508.958;0.0
5;3;12;506.261;0.0
5;3;13;462.37;0.0
5;3;14;533.893;0.0
5;3;15;533.893;0.0
5;3;16;533.893;0.0
5;3;17;400.737;0.0
5;3;18;533.893;0.0
5;3;19;0.0;0.0
5;3;20;387.792;0.0
5;3;21;470.845;0.0
5;3;22;533.893;0.0
5;3;23;533.893;0.0
5;3;24;533.893;0.0
5;3;25;519.283;0.0
5;3;26;533.893;0.0
5;3;27;533.893;0.0
5;3;28;533.893;0.0
5;3;29;533.893;0.0
5;3;30;533.893;0.0
5;3;31;533.893;0.0
5;3;32;533.893;0.0
5;3;33;533.893;0.0
5;3;34;532.15;0.0
5;3;35;512.085;0.0
5;3;36;507.727;0.0
5;3;37;480.488;0.0
5;3;38;474.201;0.0
5;3;39;480.193;0.0
5;3;40;480.725;0.0
5;3;41;481.681;0.0
5;3;42;512.408;0.0
5;3;43;509.843;0.0
5;3;44;509.121;0.0
5;3;45;515.3;0.0
5;3;46;488.256;0.0
5;3;47;479.731;0.0
5;3;48;435.942;0.0
5;3;49;422.594;0.0
5;3;50;415.628;0.0
5;3;51;405.607;0.0
5;3;52;402.551;0.0
5;3;53;398.825;0.0
5;3;54;394.869;0.0
5;3;55;456.992;0.0
5;3;56;463.841;0.0
5;3;57;407.524;0.0
5;3;58;405.873;0.0
5;3;59;391.946;0.0
5;3;60;387.304;0.0
5;3;61;364.895;0.0
5;3;62;348.53;0.0
5;3;63;357.2;0.0
5;3;64;351.675;0.0
5;3;65;533.893;0.0
5;3;66;533.893;0.0
5;3;67;457.71;0.0
5;3;68;366.181;0.0
5;3;69;0.0;0.0
5;3;70;246.195;0.0
5;3;71;375.74;0.0
5;3;72;387.239;0.0
5;3;73;391.347;0.0
5;3;74;398.532;0.0
5;3;75;407.223;0.0
5;3;76;408.337;0.0
5;3;77;410.941;0.0
5;3;78;533.893;0.0
5;3;79;369.704;0.0
5;3;80;484.876;0.0
5;3;81;431.973;0.0
5;3;82;431.29;0.0
5;3;83;427.598;0.0
5;3;84;418.092;0.0
5;3;85;533.893;0.0
5;3;86;269.725;0.0
5;3;87;533.893;0.0
5;3;88;528.966;0.0
5;3;89;533.893;0.0
5;3;90;533.893;0.0
5;3;91;428.734;0.0
5;3;92;271.158;0.0
5;3;93;533.893;0.0
5;3;94;533.893;0.0
5;3;95;533.893;0.0
5;3;96;533.893;0.0
5;3;97;533.893;0.0
5;3;98;533.893;0.0
5;3;99;533.893;0.0
5;3;100;533.893;0.0
5;3;101;533.893;0.0
5;3;102;533.893;0.0
5;3;103;533.893;0.0
5;3;104;533.893;0.0
5;3;105;533.893;0.0
5;3;106;533.893;0.0
5;3;107;533.893;0.0
5;3;108;533.893;0.0
5;3;109;533.893;0.0
5;3;110;533.893;0.0
5;3;111;533.893;0.0
5;3;112;533.893;0.0
5;3;113;533.893;0.0
5;3;114;533.893;0.0
5;3;115;533.893;0.0
5;3;116;533.893;0.0
5;3;117;533.893;0.0
5;3;118;533.893;0.0
5;3;119;533.893;0.0
5;3;120;533.893;0.0
5;3;121;533.893;0.0
5;3;122;533.893;0.0
5;3;123;533.893;0.0
5;3;124;533.893;0.0
5;3;125;533.893;0.0
5;3;126;533.893;0.0
5;3;127;533.893;0.0
5;3;128;533.893;0.0
5;3;129;533.893;0.0
5;3;130;533.893;0.0
5;3;131;533.893;0.0
5;3;132;533.893;0.0
5;3;133;533.893;0.0
5;3;134;533.893;0.0
5;3;135;533.893;0.0
5;3;136;533.893;0.0
5;3;137;533.893;0.0
5;3;138;533.893;0.0
5;3;139;533.893;0.0
5;3;140;533.893;0.0
5;3;141;533.893;0.0
5;3;142;533.893;0.0
5;3;143;533.893;0.0
5;3;144;533.893;0.0
5;3;145;533.893;0.0
5;3;146;533.893;0.0
5;3;147;533.893;0.0
5;3;148;533.893;0.0
5;3;149;533.893;19.032
5;3;150;533.893;82.54
5;3;151;533.893;82.852
5;3;152;533.893;28.842
5;3;153;533.893;7.039
5;3;154;520.674;0.0
5;3;155;492.037;0.0
5;3;156;484.122;0.0
5;3;157;533.893;0.0
5;3;158;364.893;0.0
5;3;159;440.597;0.0
5;3;160;432.616;0.0
5;3;161;429.193;0.0
5;3;162;452.405;0.0
5;3;163;448.811;0.0
5;3;164;521.628;0.0
5;3;165;533.893;0.0
5;3;166;533.893;0.0
5;3;167;533.893;0.0
10;0;0;144.259;0.0
10;0;1;533.893;0.0
10;0;2;533.893;0.0
10;0;3;533.893;0.0
10;0;4;533.893;0.0
10;0;5;533.893;0.0
10;0;6;533.893;0.0
10;0;7;533.893;0.0
10;0;8;533.893;0.0
10;0;9;533.893;0.0
10;0;10;533.893;0.0
10;0;11;533.893;0.0
10;0;12;533.893;0.0
10;0;13;533.893;0.0
10;0;14;533.514;0.0
10;0;15;533.893;0.0
10;0;16;526.096;0.0
10;0;17;504.099;0.0
10;0;18;511.678;0.0
10;0;19;510.014;0.0
10;0;20;529.113;0.0
10;0;21;523.238;0.0
10;0;22;526.716;0.0
10;0;23;515.634;0.0
10;0;24;477.608;0.0
10;0;25;476.163;0.0
10;0;26;481.049;0.0
10;0;27;479.698;0.0
10;0;28;480.467;0.0
10;0;29;477.657;0.0
10;0;30;507.046;0.0
10;0;31;508.644;0.0
10;0;32;476.88;0.0
10;0;33;478.254;0.0
10;0;34;472.114;0.0
10;0;35;457.079;0.0
10;0;36;454.996;0.0
10;0;37;422.572;0.0
10;0;38;412.665;0.0
10;0;39;401.93;0.0
10;0;40;398.928;0.0
10;0;41;533.893;0.0
10;0;42;304.898;0.0
10;0;43;438.183;0.0
10;0;44;444.243;0.0
10;0;45;533.893;0.0
10;0;46;320.532;0.0
10;0;47;420.423;0.0
10;0;48;439.774;0.0
10;0;49;440.846;0.0
10;0;50;533.893;0.0
10;0;51;366.353;0.0
10;0;52;454.473;0.0
10;0;53;450.064;0.0
10;0;54;442.43;0.0
10;0;55;487.188;0.0
10;0;56;493.268;0.0
10;0;57;430.613;0.0
10;0;58;415.528;0.0
10;0;59;398.997;0.0
10;0;60;369.758;0.0
10;0;61;339.851;0.0
10;0;62;325.031;0.0
10;0;63;533.893;0.0
10;0;64;533.893;0.0
10;0;65;0.0;0.0
10;0;66;216.582;0.0
10;0;67;316.775;0.0
10;0;68;533.893;0.0
10;0;69;477.704;0.0
10;0;70;533.893;0.0
10;0;71;353.591;0.0
10;0;72;225.42;0.0
10;0;73;533.893;0.0
10;0;74;400.091;0.0
10;0;75;411.531;0.0
10;0;76;427.068;0.0
10;0;77;386.15;0.0
10;0;78;0.0;0.0
10;0;79;533.893;0.0
10;0;80;533.893;0.0
10;0;81;482.92;0.0
10;0;82;474.606;0.0
10;0;83;465.75;0.0
10;0;84;443.248;0.0
10;0;85;424.339;0.0
10;0;86;397.184;0.0
10;0;87;416.53;0.0
10;0;88;397.878;0.0
10;0;89;369.067;0.0
10;0;90;372.405;0.0
10;0;91;378.15;0.0
10;0;92;393.03;0.0
10;0;93;401.309;0.0
10;0;94;403.761;0.0
10;0;95;384.676;0.0
10;0;96;419.372;0.0
10;0;97;420.028;0.0
10;0;98;420.918;0.0
10;0;99;418.917;0.0
10;0;100;416.134;0.0
10;0;101;415.898;0.0
10;0;102;453.648;0.0
10;0;103;457.232;0.0
10;0;104;420.808;0.0
10;0;105;417.326;0.0
10;0;106;409.226;0.0
10;0;107;392.469;0.0
10;0;108;390.434;0.0
10;0;109;367.592;0.0
10;0;110;360.58;0.0
10;0;111;359.252;0.0
10;0;112;354.98;0.0
10;0;113;533.893;0.0
10;0;114;196.952;0.0
10;0;115;383.267;0.0
10;0;116;383.173;0.0
10;0;117;381.668;0.0
10;0;118;357.02;0.0
10;0;119;355.171;0.0
10;0;120;349.308;0.0
10;0;121;344.454;0.0
10;0;122;333.375;0.0
10;0;123;323.874;0.0
10;0;124;320.061;0.0
10;0;125;310.333;0.0
10;0;126;334.644;0.0
10;0;127;331.554;0.0
10;0;128;291.692;0.0
10;0;129;291.0;0.0
10;0;130;530.542;0.0
10;0;131;533.893;0.0
10;0;132;49.473;0.0
10;0;133;0.0;0.0
10;0;134;509.065;0.0
10;0;135;533.893;0.0
10;0;136;264.883;0.0
10;0;137;275.879;0.0
10;0;138;0.0;0.0
10;0;139;98.152;0.0
10;0;140;319.359;0.0
10;0;141;331.273;0.0
10;0;142;303.504;0.0
10;0;143;311.545;0.0
10;0;144;321.888;0.0
10;0;145;323.862;0.0
10;0;146;331.006;0.0
10;0;147;334.072;0.0
10;0;148;533.893;0.0
10;0;149;153.781;0.0
10;0;150;533.893;0.0
10;0;151;533.893;0.0
10;0;152;94.17;0.0
10;0;153;376.198;0.0
10;0;154;375.435;0.0
10;0;155;362.239;0.0
10;0;156;361.662;0.0
10;0;157;315.777;0.0
10;0;158;290.426;0.0
10;0;159;285.838;0.0
10;0;160;533.893;0.0
10;0;161;28.798;0.0
10;0;162;533.893;0.0
10;0;163;470.005;0.0
10;0;164;0.0;0.0
10;0;165;372.409;0.0
10;0;166;533.893;0.0
10;0;167;533.893;0.0
10;1;0;0.0;0.0
10;1;1;0.0;0.0
10;1;2;0.0;0.0
10;1;3;0.0;0.0
10;1;4;0.0;0.0
10;1;5;0.0;0.0
10;1;6;0.0;0.0
10;1;7;0.0;0.0
10;1;8;0.0;0.0
10;1;9;0.0;0.0
10;1;10;0.0;0.0
10;1;11;0.0;0.0
10;1;12;0.0;0.0
10;1;13;0.0;0.0
10;1;14;0.0;0.0
10;1;15;0.0;0.0
10;1;16;0.0;0.0
10;1;17;0.0;0.0
10;1;18;0.0;0.0
10;1;19;0.0;0.0
10;1;20;0.0;0.0
10;1;21;0.0;0.0
10;1;22;0.0;0.0
10;1;23;0.0;0.0
10;1;24;0.0;0.0
10;1;25;0.0;0.0
10;1;26;0.0;0.0
10;1;27;0.0;0.0
10;1;28;0.0;0.0
10;1;29;0.0;0.0
10;1;30;0.0;0.0
10;1;31;24.726;0.0
10;1;32;10.406;0.0
10;1;33;10.426;0.0
10;1;34;9.862;0.0
10;1;35;12.873;0.0
10;1;36;17.146;0.0
10;1;37;9.436;0.0
10;1;38;8.68;0.0
10;1;39;19.825;0.0
10;1;40;0.0;0.0
10;1;41;260.552;0.0
10;1;42;0.0;0.0
10;1;43;0.0;0.0
10;1;44;0.0;0.0
10;1;45;0.0;0.0
10;1;46;0.0;0.0
10;1;47;0.0;0.0
10;1;48;0.0;0.0
10;1;49;0.0;0.0
10;1;50;0.0;0.0
10;1;51;0.0;0.0
10;1;52;0.0;0.0
10;1;53;0.0;0.0
10;1;54;0.0;0.0
10;1;55;0.0;0.0
10;1;56;0.0;0.0
10;1;57;0.0;0.0
10;1;58;11.63;0.0
10;1;59;10.148;0.0
10;1;60;8.368;0.0
10;1;61;10.235;0.0
10;1;62;14.685;0.0
10;1;63;293.024;0.0
10;1;64;0.0;0.0
10;1;65;0.0;0.0
10;1;66;0.0;0.0
10;1;67;0.0;0.0
10;1;68;0.0;0.0
10;1;69;0.0;0.0
10;1;70;0.0;0.0
10;1;71;0.0;0.0
10;1;72;0.0;0.0
10;1;73;0.0;0.0
10;1;74;0.0;0.0
10;1;75;0.0;0.0
10;1;76;0.0;0.0
10;1;77;0.0;0.0
10;1;78;0.0;0.0
10;1;79;0.0;0.0
10;1;80;0.0;0.0
10;1;81;12.429;0.0
10;1;82;11.059;0.0
10;1;83;10.233;0.0
10;1;84;7.511;0.0
10;1;85;11.0;0.0
10;1;86;13.519;0.0
10;1;87;246.385;0.0
10;1;88;0.0;0.0
10;1;89;0.0;0.0
10;1;90;0.0;0.0
10;1;91;0.0;0.0
10;1;92;0.0;0.0
10;1;93;0.0;0.0
10;1;94;0.0;0.0
10;1;95;0.0;0.0
10;1;96;0.0;0.0
10;1;97;0.0;0.0
10;1;98;0.0;0.0
10;1;99;0.0;0.0
10;1;100;0.0;0.0
10;1;101;0.0;0.0
10;1;102;0.0;0.0
10;1;103;0.0;0.0
10;1;104;0.0;0.0
10;1;105;11.112;0.0
10;1;106;11.702;0.0
10;1;107;11.555;0.0
10;1;108;18.344;0.0
10;1;109;9.711;0.0
10;1;110;10.184;0.0
10;1;111;11.9;0.0
10;1;112;11.985;0.0
10;1;113;210.298;0.0
10;1;114;0.0;0.0
10;1;115;0.0;0.0
10;1;116;0.0;0.0
10;1;117;0.0;0.0
10;1;118;0.0;0.0
10;1;119;0.0;0.0
10;1;120;0.0;0.0
10;1;121;0.0;0.0
10;1;122;0.0;0.0
10;1;123;0.0;0.0
10;1;124;0.0;0.0
10;1;125;0.0;0.0
10;1;126;0.0;0.0
10;1;127;0.0;0.0
10;1;128;0.0;0.0
10;1;129;10.931;0.0
10;1;130;12.553;0.0
10;1;131;12.161;0.0
10;1;132;21.292;0.0
10;1;133;10.13;0.0
10;1;134;11.015;0.0
10;1;135;10.63;0.0
10;1;136;7.196;0.0
10;1;137;198.412;0.0
10;1;138;0.0;0.0
10;1;139;0.0;0.0
10;1;140;0.0;0.0
10;1;141;0.0;0.0
10;1;142;0.0;0.0
10;1;143;0.0;0.0
10;1;144;0.0;0.0
10;1;145;0.0;0.0
10;1;146;0.0;0.0
10;1;147;0.0;0.0
10;1;148;0.0;0.0
10;1;149;0.0;0.0
10;1;150;0.0;0.0
10;1;151;0.0;0.0
10;1;152;0.0;0.0
10;1;153;12.371;0.0
10;1;154;13.578;0.0
10;1;155;8.189;0.0
10;1;156;18.746;0.0
10;1;157;10.388;0.0
10;1;158;8.514;0.0
10;1;159;526.236;0.0
10;1;160;0.0;0.0
10;1;161;26.852;0.0
10;1;162;26.656;0.0
10;1;163;0.0;0.0
10;1;164;0.0;0.0
10;1;165;0.0;0.0
10;1;166;0.0;0.0
10;1;167;0.0;0.0
10;2;0;0.0;0.0
10;2;1;0.0;0.0
10;2;2;533.893;0.0
10;2;3;0.0;0.0
10;2;4;24.639;0.0
10;2;5;533.893;0.0
10;2;6;0.0;0.0
10;2;7;191.693;0.0
10;2;8;0.0;0.0
10;2;9;229.259;0.0
10;2;10;212.356;0.0
10;2;11;182.44;0.0
10;2;12;156.142;0.0
10;2;13;112.828;0.0
10;2;14;103.61;0.0
10;2;15;157.706;0.0
10;2;16;533.893;0.0
10;2;17;98.32;0.0
10;2;18;0.0;0.0
10;2;19;296.821;0.0
10;2;20;178.158;0.0
10;2;21;0.0;0.0
10;2;22;378.457;0.0
10;2;23;204.747;0.0
10;2;24;0.0;0.0
10;2;25;0.0;0.0
10;2;26;533.893;0.0
10;2;27;0.0;0.0
10;2;28;533.893;0.0
10;2;29;68.096;0.0
10;2;30;341.28;0.0
10;2;31;352.365;0.0
10;2;32;339.129;0.0
10;2;33;321.585;0.0
10;2;34;288.138;0.0
10;2;35;257.648;0.0
10;2;36;208.98;0.0
10;2;37;162.614;0.0
10;2;38;123.596;0.0
10;2;39;100.589;0.0
10;2;40;533.893;0.0
10;2;41;146.65;0.0
10;2;42;119.288;0.0
10;2;43;133.757;0.0
10;2;44;144.557;0.0
10;2;45;155.953;0.0
10;2;46;0.0;0.0
10;2;47;112.477;0.0
10;2;48;0.0;0.0
10;2;49;0.0;0.0
10;2;50;167.383;0.0
10;2;51;175.868;0.0
10;2;52;178.903;0.0
10;2;53;183.486;0.0
10;2;54;178.111;0.0
10;2;55;214.081;0.0
10;2;56;208.381;0.0
10;2;57;163.876;0.0
10;2;58;151.951;0.0
10;2;59;137.234;0.0
10;2;60;121.881;0.0
10;2;61;99.956;0.0
10;2;62;83.289;0.0
10;2;63;91.721;0.0
10;2;64;115.824;0.0
10;2;65;533.893;0.0
10;2;66;0.0;0.0
10;2;67;161.309;0.0
10;2;68;0.0;0.0
10;2;69;79.418;0.0
10;2;70;0.0;0.0
10;2;71;0.0;0.0
10;2;72;0.0;0.0
10;2;73;142.143;0.0
10;2;74;148.691;0.0
10;2;75;153.498;0.0
10;2;76;157.148;0.0
10;2;77;163.447;0.0
10;2;78;167.41;0.0
10;2;79;220.185;0.0
10;2;80;222.904;0.0
10;2;81;177.262;0.0
10;2;82;168.738;0.0
10;2;83;139.835;0.0
10;2;84;107.104;0.0
10;2;85;88.702;0.0
10;2;86;533.893;0.0
10;2;87;151.874;0.0
10;2;88;0.0;0.0
10;2;89;0.0;0.0
10;2;90;0.0;0.0
10;2;91;0.0;0.0
10;2;92;533.893;0.0
10;2;93;144.36;0.0
10;2;94;0.0;0.0
10;2;95;241.707;0.0
10;2;96;0.0;0.0
10;2;97;0.0;0.0
10;2;98;229.468;0.0
10;2;99;533.893;0.0
10;2;100;211.708;0.0
10;2;101;0.0;0.0
10;2;102;286.28;0.0
10;2;103;292.575;0.0
10;2;104;272.227;0.0
10;2;105;262.812;0.0
10;2;106;244.465;0.0
10;2;107;225.784;0.0
10;2;108;223.642;0.0
10;2;109;384.515;0.0
10;2;110;0.0;0.0
10;2;111;185.758;0.0
10;2;112;186.502;0.0
10;2;113;196.284;0.0
10;2;114;214.754;0.0
10;2;115;226.019;0.0
10;2;116;234.162;0.0
10;2;117;242.365;0.0
10;2;118;220.458;0.0
10;2;119;533.893;0.0
10;2;120;0.0;0.0
10;2;121;484.686;0.0
10;2;122;0.0;0.0
10;2;123;276.163;0.0
10;2;124;283.469;0.0
10;2;125;287.695;0.0
10;2;126;319.826;0.0
10;2;127;310.995;0.0
10;2;128;289.352;0.0
10;2;129;280.656;0.0
10;2;130;267.339;0.0
10;2;131;246.846;0.0
10;2;132;228.165;0.0
10;2;133;189.856;0.0
10;2;134;533.893;0.0
10;2;135;318.553;0.0
10;2;136;0.0;0.0
10;2;137;16.818;0.0
10;2;138;0.0;0.0
10;2;139;533.893;0.0
10;2;140;115.378;0.0
10;2;141;0.0;0.0
10;2;142;446.557;0.0
10;2;143;0.0;0.0
10;2;144;246.798;0.0
10;2;145;254.498;0.0
10;2;146;264.129;0.0
10;2;147;269.167;0.0
10;2;148;275.246;0.0
10;2;149;277.854;0.0
10;2;150;315.217;0.0
10;2;151;312.676;0.0
10;2;152;284.772;0.0
10;2;153;275.779;0.0
10;2;154;261.736;0.0
10;2;155;247.579;0.0
10;2;156;234.909;0.0
10;2;157;196.2;0.0
10;2;158;177.737;0.0
10;2;159;163.585;0.0
10;2;160;155.146;0.0
10;2;161;150.945;0.0
10;2;162;178.513;0.0
10;2;163;183.208;0.0
10;2;164;184.678;0.0
10;2;165;188.817;0.0
10;2;166;235.279;0.0
10;2;167;533.893;0.0
10;3;0;58.198;0.0
10;3;1;476.682;0.0
10;3;2;479.912;0.0
10;3;3;485.009;0.0
10;3;4;533.893;0.0
10;3;5;466.593;0.0
10;3;6;533.893;0.0
10;3;7;533.893;0.0
10;3;8;504.448;0.0
10;3;9;500.442;0.0
10;3;10;486.884;0.0
10;3;11;467.193;0.0
10;3;12;464.718;0.0
10;3;13;424.429;0.0
10;3;14;533.893;0.0
10;3;15;533.893;0.0
10;3;16;533.893;0.0
10;3;17;237.548;0.0
10;3;18;533.893;0.0
10;3;19;0.0;0.0
10;3;20;314.472;0.0
10;3;21;432.209;0.0
10;3;22;533.893;0.0
10;3;23;533.893;0.0
10;3;24;533.893;0.0
10;3;25;182.914;0.0
10;3;26;481.332;0.0
10;3;27;488.903;0.0
10;3;28;495.65;0.0
10;3;29;516.16;0.0
10;3;30;533.893;0.0
10;3;31;533.893;0.0
10;3;32;512.879;0.0
10;3;33;513.18;0.0
10;3;34;488.483;0.0
10;3;35;470.064;0.0
10;3;36;466.064;0.0
10;3;37;441.06;0.0
10;3;38;435.289;0.0
10;3;39;440.789;0.0
10;3;40;441.277;0.0
10;3;41;442.155;0.0
10;3;42;470.361;0.0
10;3;43;468.006;0.0
10;3;44;467.343;0.0
10;3;45;473.016;0.0
10;3;46;448.191;0.0
10;3;47;440.365;0.0
10;3;48;400.169;0.0
10;3;49;387.916;0.0
10;3;50;381.523;0.0
10;3;51;372.323;0.0
10;3;52;369.518;0.0
10;3;53;366.098;0.0
10;3;54;362.467;0.0
10;3;55;419.492;0.0
10;3;56;425.779;0.0
10;3;57;374.084;0.0
10;3;58;372.568;0.0
10;3;59;359.783;0.0
10;3;60;355.522;0.0
10;3;61;334.952;0.0
10;3;62;319.93;0.0
10;3;63;327.889;0.0
10;3;64;322.818;0.0
10;3;65;533.893;0.0
10;3;66;533.893;0.0
10;3;67;376.181;0.0
10;3;68;336.556;0.0
10;3;69;0.0;0.0
10;3;70;184.494;0.0
10;3;71;344.907;0.0
10;3;72;355.463;0.0
10;3;73;359.234;0.0
10;3;74;365.829;0.0
10;3;75;373.807;0.0
10;3;76;374.829;0.0
10;3;77;377.22;0.0
10;3;78;533.893;0.0
10;3;79;295.994;0.0
10;3;80;445.088;0.0
10;3;81;396.526;0.0
10;3;82;395.899;0.0
10;3;83;392.51;0.0
10;3;84;383.784;0.0
10;3;85;533.893;0.0
10;3;86;204.219;0.0
10;3;87;533.893;0.0
10;3;88;396.435;0.0
10;3;89;533.893;0.0
10;3;90;533.893;0.0
10;3;91;296.695;0.0
10;3;92;0.0;0.0
10;3;93;422.399;0.0
10;3;94;434.796;0.0
10;3;95;431.799;0.0
10;3;96;500.075;0.0
10;3;97;510.625;0.0
10;3;98;516.332;0.0
10;3;99;524.194;0.0
10;3;100;528.679;0.0
10;3;101;533.893;0.0
10;3;102;533.893;0.0
10;3;103;533.893;0.0
10;3;104;507.54;0.0
10;3;105;533.893;0.0
10;3;106;452.247;0.0
10;3;107;499.448;0.0
10;3;108;509.415;0.0
10;3;109;489.116;0.0
10;3;110;478.745;0.0
10;3;111;477.272;0.0
10;3;112;473.162;0.0
10;3;113;463.252;0.0
10;3;114;488.794;0.0
10;3;115;484.682;0.0
10;3;116;487.411;0.0
10;3;117;479.908;0.0
10;3;118;533.893;0.0
10;3;119;533.893;0.0
10;3;120;533.893;0.0
10;3;121;533.893;0.0
10;3;122;533.893;0.0
10;3;123;533.893;0.0
10;3;124;533.893;0.0
10;3;125;127.853;0.0
10;3;126;533.893;0.0
10;3;127;533.893;0.0
10;3;128;523.402;0.0
10;3;129;518.233;0.0
10;3;130;506.868;0.0
10;3;131;496.667;0.0
10;3;132;498.092;0.0
10;3;133;463.707;0.0
10;3;134;458.444;0.0
10;3;135;457.43;0.0
10;3;136;533.893;0.0
10;3;137;379.913;0.0
10;3;138;484.222;0.0
10;3;139;533.893;0.0
10;3;140;456.439;0.0
10;3;141;501.231;0.0
10;3;142;490.19;0.0
10;3;143;498.281;0.0
10;3;144;533.893;0.0
10;3;145;525.522;0.0
10;3;146;533.893;0.0
10;3;147;533.893;0.0
10;3;148;533.893;0.0
10;3;149;533.893;0.0
10;3;150;533.893;0.0
10;3;151;533.893;0.0
10;3;152;516.557;0.0
10;3;153;496.543;0.0
10;3;154;477.948;0.0
10;3;155;451.662;0.0
10;3;156;444.396;0.0
10;3;157;533.893;0.0
10;3;158;291.578;0.0
10;3;159;404.442;0.0
10;3;160;397.117;0.0
10;3;161;393.974;0.0
10;3;162;415.282;0.0
10;3;163;411.982;0.0
10;3;164;403.36;0.0
10;3;165;516.922;0.0
10;3;166;533.893;0.0
10;3;167;533.893;0.0
15;0;0;0.0;0.0
15;0;1;391.854;0.0
15;0;2;533.893;0.0
15;0;3;533.893;0.0
15;0;4;533.893;0.0
15;0;5;533.893;0.0
15;0;6;533.893;0.0
15;0;7;271.046;0.0
15;0;8;533.893;0.0
15;0;9;533.893;0.0
15;0;10;533.893;0.0
15;0;11;533.893;0.0
15;0;12;524.974;0.0
15;0;13;500.019;0.0
15;0;14;484.438;0.0
15;0;15;494.972;0.0
15;0;16;482.75;0.0
15;0;17;462.565;0.0
15;0;18;469.52;0.0
15;0;19;467.993;0.0
15;0;20;485.519;0.0
15;0;21;480.128;0.0
15;0;22;483.319;0.0
15;0;23;473.15;0.0
15;0;24;438.257;0.0
15;0;25;436.932;0.0
15;0;26;441.414;0.0
15;0;27;440.175;0.0
15;0;28;440.88;0.0
15;0;29;438.303;0.0
15;0;30;465.27;0.0
15;0;31;466.736;0.0
15;0;32;437.589;0.0
15;0;33;438.85;0.0
15;0;34;433.216;0.0
15;0;35;419.419;0.0
15;0;36;417.508;0.0
15;0;37;387.756;0.0
15;0;38;378.665;0.0
15;0;39;368.814;0.0
15;0;40;366.06;0.0
15;0;41;533.893;0.0
15;0;42;236.229;0.0
15;0;43;402.08;0.0
15;0;44;407.641;0.0
15;0;45;533.893;0.0
15;0;46;250.574;0.0
15;0;47;385.783;0.0
15;0;48;403.54;0.0
15;0;49;404.524;0.0
15;0;50;533.893;0.0
15;0;51;292.62;0.0
15;0;52;417.028;0.0
15;0;53;412.983;0.0
15;0;54;405.978;0.0
15;0;55;447.048;0.0
15;0;56;452.627;0.0
15;0;57;395.134;0.0
15;0;58;381.292;0.0
15;0;59;366.123;0.0
15;0;60;339.293;0.0
15;0;61;311.85;0.0
15;0;62;298.251;0.0
15;0;63;533.893;0.0
15;0;64;533.893;0.0
15;0;65;0.0;0.0
15;0;66;112.943;0.0
15;0;67;290.676;0.0
15;0;68;533.893;0.0
15;0;69;393.306;0.0
15;0;70;533.893;0.0
15;0;71;324.883;0.0
15;0;72;163.269;0.0
15;0;73;533.893;0.0
15;0;74;367.552;0.0
15;0;75;378.049;0.0
15;0;76;392.306;0.0
15;0;77;304.081;0.0
15;0;78;0.0;0.0
15;0;79;533.893;0.0
15;0;80;454.28;0.0
15;0;81;443.131;0.0
15;0;82;435.503;0.0
15;0;83;427.376;0.0
15;0;84;406.728;0.0
15;0;85;389.377;0.0
15;0;86;364.459;0.0
15;0;87;382.212;0.0
15;0;88;365.096;0.0
15;0;89;338.659;0.0
15;0;90;341.722;0.0
15;0;91;346.994;0.0
15;0;92;360.648;0.0
15;0;93;368.244;0.0
15;0;94;370.495;0.0
15;0;95;352.982;0.0
15;0;96;384.819;0.0
15;0;97;385.421;0.0
15;0;98;386.237;0.0
15;0;99;384.402;0.0
15;0;100;381.848;0.0
15;0;101;381.632;0.0
15;0;102;416.271;0.0
15;0;103;419.56;0.0
15;0;104;386.137;0.0
15;0;105;382.942;0.0
15;0;106;375.509;0.0
15;0;107;360.133;0.0
15;0;108;358.266;0.0
15;0;109;337.305;0.0
15;0;110;330.872;0.0
15;0;111;329.653;0.0
15;0;112;325.732;0.0
15;0;113;533.893;0.0
15;0;114;137.177;0.0
15;0;115;351.689;0.0
15;0;116;351.603;0.0
15;0;117;350.222;0.0
15;0;118;327.605;0.0
15;0;119;325.908;0.0
15;0;120;320.528;0.0
15;0;121;316.074;0.0
15;0;122;305.907;0.0
15;0;123;297.19;0.0
15;0;124;293.691;0.0
15;0;125;284.764;0.0
15;0;126;307.072;0.0
15;0;127;304.237;0.0
15;0;128;267.659;0.0
15;0;129;267.024;0.0
15;0;130;485.339;0.0
15;0;131;533.893;0.0
15;0;132;3.309;0.0
15;0;133;0.0;0.0
15;0;134;465.632;0.0
15;0;135;533.893;0.0
15;0;136;243.484;0.0
15;0;137;253.574;0.0
15;0;138;0.0;0.0
15;0;139;48.398;0.0
15;0;140;293.047;0.0
15;0;141;303.979;0.0
15;0;142;278.498;0.0
15;0;143;285.876;0.0
15;0;144;295.368;0.0
15;0;145;297.178;0.0
15;0;146;303.734;0.0
15;0;147;306.548;0.0
15;0;148;533.893;0.0
15;0;149;97.562;0.0
15;0;150;533.893;0.0
15;0;151;533.893;0.0
15;0;152;0.0;0.0
15;0;153;344.955;0.0
15;0;154;344.502;0.0
15;0;155;332.393;0.0
15;0;156;331.864;0.0
15;0;157;289.76;0.0
15;0;158;266.498;0.0
15;0;159;262.287;0.0
15;0;160;533.893;0.0
15;0;161;0.0;0.0
15;0;162;533.893;0.0
15;0;163;370.95;0.0
15;0;164;0.0;0.0
15;0;165;320.153;0.0
15;0;166;459.232;0.0
15;0;167;533.893;0.0
15;1;0;0.0;0.0
15;1;1;0.0;0.0
15;1;2;0.0;0.0
15;1;3;0.0;0.0
15;1;4;0.0;0.0
15;1;5;0.0;0.0
15;1;6;0.0;0.0
15;1;7;0.0;0.0
15;1;8;0.0;0.0
15;1;9;0.0;0.0
15;1;10;0.0;0.0
15;1;11;0.0;0.0
15;1;12;0.0;0.0
15;1;13;0.0;0.0
15;1;14;0.0;0.0
15;1;15;0.0;0.0
15;1;16;0.0;0.0
15;1;17;0.0;0.0
15;1;18;0.0;0.0
15;1;19;0.0;0.0
15;1;20;0.0;0.0
15;1;21;0.0;0.0
15;1;22;0.0;0.0
15;1;23;0.0;0.0
15;1;24;0.0;0.0
15;1;25;0.0;0.0
15;1;26;0.0;0.0
15;1;27;0.0;0.0
15;1;28;0.0;0.0
15;1;29;0.0;0.0
15;1;30;0.0;0.0
15;1;31;28.141;0.0
15;1;32;9.549;0.0
15;1;33;9.567;0.0
15;1;34;9.049;0.0
15;1;35;11.813;0.0
15;1;36;15.733;0.0
15;1;37;8.658;0.0
15;1;38;7.965;0.0
15;1;39;18.192;0.0
15;1;40;0.0;0.0
15;1;41;239.085;0.0
15;1;42;0.0;0.0
15;1;43;0.0;0.0
15;1;44;0.0;0.0
15;1;45;0.0;0.0
15;1;46;0.0;0.0
15;1;47;0.0;0.0
15;1;48;0.0;0.0
15;1;49;0.0;0.0
15;1;50;0.0;0.0
15;1;51;0.0;0.0
15;1;52;0.0;0.0
15;1;53;0.0;0.0
15;1;54;0.0;0.0
15;1;55;0.0;0.0
15;1;56;0.0;0.0
15;1;57;0.0;0.0
15;1;58;10.672;0.0
15;1;59;9.312;0.0
15;1;60;7.679;0.0
15;1;61;9.392;0.0
15;1;62;13.475;0.0
15;1;63;268.881;0.0
15;1;64;0.0;0.0
15;1;65;0.0;0.0
15;1;66;0.0;0.0
15;1;67;0.0;0.0
15;1;68;0.0;0.0
15;1;69;0.0;0.0
15;1;70;0.0;0.0
15;1;71;0.0;0.0
15;1;72;0.0;0.0
15;1;73;0.0;0.0
15;1;74;0.0;0.0
15;1;75;0.0;0.0
15;1;76;0.0;0.0
15;1;77;0.0;0.0
15;1;78;0.0;0.0
15;1;79;0.0;0.0
15;1;80;0.0;0.0
15;1;81;11.405;0.0
15;1;82;10.148;0.0
15;1;83;9.39;0.0
15;1;84;6.892;0.0
15;1;85;10.094;0.0
15;1;86;12.405;0.0
15;1;87;226.085;0.0
15;1;88;0.0;0.0
15;1;89;0.0;0.0
15;1;90;0.0;0.0
15;1;91;0.0;0.0
15;1;92;0.0;0.0
15;1;93;0.0;0.0
15;1;94;0.0;0.0
15;1;95;0.0;0.0
15;1;96;0.0;0.0
15;1;97;0.0;0.0
15;1;98;0.0;0.0
15;1;99;0.0;0.0
15;1;100;0.0;0.0
15;1;101;0.0;0.0
15;1;102;0.0;0.0
15;1;103;0.0;0.0
15;1;104;0.0;0.0
15;1;105;10.197;0.0
15;1;106;10.738;0.0
15;1;107;10.603;0.0
15;1;108;16.833;0.0
15;1;109;8.911;0.0
15;1;110;9.344;0.0
15;1;111;10.92;0.0
15;1;112;10.998;0.0
15;1;113;192.971;0.0
15;1;114;0.0;0.0
15;1;115;0.0;0.0
15;1;116;0.0;0.0
15;1;117;0.0;0.0
15;1;118;0.0;0.0
15;1;119;0.0;0.0
15;1;120;0.0;0.0
15;1;121;0.0;0.0
15;1;122;0.0;0.0
15;1;123;0.0;0.0
15;1;124;0.0;0.0
15;1;125;0.0;0.0
15;1;126;0.0;0.0
15;1;127;0.0;0.0
15;1;128;0.0;0.0
15;1;129;10.03;0.0
15;1;130;11.518;0.0
15;1;131;11.159;0.0
15;1;132;19.537;0.0
15;1;133;9.296;0.0
15;1;134;10.108;0.0
15;1;135;9.754;0.0
15;1;136;6.603;0.0
15;1;137;182.065;0.0
15;1;138;0.0;0.0
15;1;139;0.0;0.0
15;1;140;0.0;0.0
15;1;141;0.0;0.0
15;1;142;0.0;0.0
15;1;143;0.0;0.0
15;1;144;0.0;0.0
15;1;145;0.0;0.0
15;1;146;0.0;0.0
15;1;147;0.0;0.0
15;1;148;0.0;0.0
15;1;149;0.0;0.0
15;1;150;0.0;0.0
15;1;151;0.0;0.0
15;1;152;0.0;0.0
15;1;153;11.352;0.0
15;1;154;12.459;0.0
15;1;155;7.514;0.0
15;1;156;17.201;0.0
15;1;157;9.532;0.0
15;1;158;7.813;0.0
15;1;159;525.077;0.0
15;1;160;0.0;0.0
15;1;161;0.0;0.0
15;1;162;0.0;0.0
15;1;163;0.0;0.0
15;1;164;0.0;0.0
15;1;165;0.0;0.0
15;1;166;0.0;0.0
15;1;167;0.0;0.0
15;2;0;0.0;0.0
15;2;1;0.0;0.0
15;2;2;518.749;0.0
15;2;3;0.0;0.0
15;2;4;0.0;0.0
15;2;5;533.893;0.0
15;2;6;0.0;0.0
15;2;7;134.232;0.0
15;2;8;0.0;0.0
15;2;9;210.37;0.0
15;2;10;194.86;0.0
15;2;11;167.408;0.0
15;2;12;143.278;0.0
15;2;13;103.532;0.0
15;2;14;95.074;0.0
15;2;15;143.222;0.0
15;2;16;533.893;0.0
15;2;17;90.644;0.0
15;2;18;0.0;0.0
15;2;19;273.212;0.0
15;2;20;163.904;0.0
15;2;21;0.0;0.0
15;2;22;348.121;0.0
15;2;23;131.922;0.0
15;2;24;0.0;0.0
15;2;25;0.0;0.0
15;2;26;503.361;0.0
15;2;27;0.0;0.0
15;2;28;533.893;0.0
15;2;29;18.937;0.0
15;2;30;313.162;0.0
15;2;31;323.333;0.0
15;2;32;311.187;0.0
15;2;33;295.09;0.0
15;2;34;264.398;0.0
15;2;35;236.42;0.0
15;2;36;191.762;0.0
15;2;37;149.216;0.0
15;2;38;113.413;0.0
15;2;39;92.302;0.0
15;2;40;533.893;0.0
15;2;41;133.531;0.0
15;2;42;109.885;0.0
15;2;43;123.162;0.0
15;2;44;133.072;0.0
15;2;45;143.529;0.0
15;2;46;0.0;0.0
15;2;47;61.544;0.0
15;2;48;0.0;0.0
15;2;49;0.0;0.0
15;2;50;153.592;0.0
15;2;51;161.378;0.0
15;2;52;164.163;0.0
15;2;53;168.368;0.0
15;2;54;163.436;0.0
15;2;55;196.443;0.0
15;2;56;191.212;0.0
15;2;57;150.374;0.0
15;2;58;139.432;0.0
15;2;59;125.927;0.0
15;2;60;111.839;0.0
15;2;61;91.721;0.0
15;2;62;76.427;0.0
15;2;63;84.164;0.0
15;2;64;104.791;0.0
15;2;65;533.893;0.0
15;2;66;0.0;0.0
15;2;67;148.864;0.0
15;2;68;0.0;0.0
15;2;69;31.208;0.0
15;2;70;0.0;0.0
15;2;71;0.0;0.0
15;2;72;0.0;0.0
15;2;73;130.431;0.0
15;2;74;136.44;0.0
15;2;75;140.851;0.0
15;2;76;144.201;0.0
15;2;77;149.98;0.0
15;2;78;153.617;0.0
15;2;79;202.044;0.0
15;2;80;204.539;0.0
15;2;81;162.657;0.0
15;2;82;154.836;0.0
15;2;83;128.313;0.0
15;2;84;98.279;0.0
15;2;85;81.393;0.0
15;2;86;533.893;0.0
15;2;87;94.26;0.0
15;2;88;0.0;0.0
15;2;89;0.0;0.0
15;2;90;0.0;0.0
15;2;91;0.0;0.0
15;2;92;533.893;0.0
15;2;93;132.892;0.0
15;2;94;0.0;0.0
15;2;95;180.126;0.0
15;2;96;0.0;0.0
15;2;97;0.0;0.0
15;2;98;210.562;0.0
15;2;99;533.893;0.0
15;2;100;150.717;0.0
15;2;101;0.0;0.0
15;2;102;262.693;0.0
15;2;103;268.469;0.0
15;2;104;249.797;0.0
15;2;105;241.158;0.0
15;2;106;224.323;0.0
15;2;107;207.181;0.0
15;2;108;205.216;0.0
15;2;109;352.834;0.0
15;2;110;0.0;0.0
15;2;111;170.453;0.0
15;2;112;171.136;0.0
15;2;113;180.112;0.0
15;2;114;197.06;0.0
15;2;115;207.397;0.0
15;2;116;214.869;0.0
15;2;117;222.396;0.0
15;2;118;202.294;0.0
15;2;119;533.893;0.0
15;2;120;0.0;0.0
15;2;121;401.639;0.0
15;2;122;0.0;0.0
15;2;123;253.41;0.0
15;2;124;260.113;0.0
15;2;125;263.992;0.0
15;2;126;293.475;0.0
15;2;127;285.371;0.0
15;2;128;265.512;0.0
15;2;129;257.532;0.0
15;2;130;245.312;0.0
15;2;131;226.508;0.0
15;2;132;209.366;0.0
15;2;133;174.214;0.0
15;2;134;533.893;0.0
15;2;135;291.272;0.0
15;2;136;0.0;0.0
15;2;137;0.0;0.0
15;2;138;0.0;0.0
15;2;139;533.893;0.0
15;2;140;36.869;0.0
15;2;141;0.0;0.0
15;2;142;409.764;0.0
15;2;143;0.0;0.0
15;2;144;226.464;0.0
15;2;145;233.529;0.0
15;2;146;242.367;0.0
15;2;147;246.99;0.0
15;2;148;252.568;0.0
15;2;149;254.961;0.0
15;2;150;289.246;0.0
15;2;151;286.914;0.0
15;2;152;261.309;0.0
15;2;153;253.057;0.0
15;2;154;240.171;0.0
15;2;155;227.18;0.0
15;2;156;215.554;0.0
15;2;157;180.035;0.0
15;2;158;163.093;0.0
15;2;159;150.107;0.0
15;2;160;142.363;0.0
15;2;161;138.508;0.0
15;2;162;163.805;0.0
15;2;163;168.113;0.0
15;2;164;169.462;0.0
15;2;165;173.26;0.0
15;2;166;163.864;0.0
15;2;167;533.893;0.0
15;3;0;60.848;0.0
15;3;1;437.408;0.0
15;3;2;440.371;0.0
15;3;3;445.049;0.0
15;3;4;533.893;0.0
15;3;5;376.244;0.0
15;3;6;492.16;0.0
15;3;7;495.862;0.0
15;3;8;462.886;0.0
15;3;9;459.209;0.0
15;3;10;446.769;0.0
15;3;11;428.701;0.0
15;3;12;426.429;0.0
15;3;13;389.459;0.0
15;3;14;451.857;0.0
15;3;15;533.893;0.0
15;3;16;533.893;0.0
15;3;17;166.742;0.0
15;3;18;533.893;0.0
15;3;19;0.0;0.0
15;3;20;246.896;0.0
15;3;21;396.598;0.0
15;3;22;533.893;0.0
15;3;23;533.893;0.0
15;3;24;533.893;0.0
15;3;25;38.5;0.0
15;3;26;441.674;0.0
15;3;27;448.622;0.0
15;3;28;454.813;0.0
15;3;29;462.521;0.0
15;3;30;496.151;0.0
15;3;31;494.611;0.0
15;3;32;470.622;0.0
15;3;33;470.898;0.0
15;3;34;448.236;0.0
15;3;35;431.335;0.0
15;3;36;427.664;0.0
15;3;37;404.72;0.0
15;3;38;399.425;0.0
15;3;39;404.472;0.0
15;3;40;404.919;0.0
15;3;41;405.725;0.0
15;3;42;431.607;0.0
15;3;43;429.446;0.0
15;3;44;428.838;0.0
15;3;45;434.043;0.0
15;3;46;411.263;0.0
15;3;47;404.083;0.0
15;3;48;367.199;0.0
15;3;49;355.955;0.0
15;3;50;350.088;0.0
15;3;51;341.647;0.0
15;3;52;339.073;0.0
15;3;53;335.935;0.0
15;3;54;332.603;0.0
15;3;55;384.929;0.0
15;3;56;390.698;0.0
15;3;57;343.262;0.0
15;3;58;341.871;0.0
15;3;59;330.14;0.0
15;3;60;326.23;0.0
15;3;61;307.355;0.0
15;3;62;293.57;0.0
15;3;63;300.873;0.0
15;3;64;296.22;0.0
15;3;65;533.893;0.0
15;3;66;533.893;0.0
15;3;67;301.038;0.0
15;3;68;309.252;0.0
15;3;69;0.0;0.0
15;3;70;127.627;0.0
15;3;71;316.49;0.0
15;3;72;326.176;0.0
15;3;73;329.636;0.0
15;3;74;335.688;0.0
15;3;75;343.008;0.0
15;3;76;343.947;0.0
15;3;77;346.14;0.0
15;3;78;533.893;0.0
15;3;79;228.059;0.0
15;3;80;408.417;0.0
15;3;81;363.856;0.0
15;3;82;363.28;0.0
15;3;83;360.17;0.0
15;3;84;352.164;0.0
15;3;85;533.893;0.0
15;3;86;143.845;0.0
15;3;87;533.893;0.0
15;3;88;274.286;0.0
15;3;89;533.893;0.0
15;3;90;533.893;0.0
15;3;91;230.162;0.0
15;3;92;0.0;0.0
15;3;93;387.597;0.0
15;3;94;398.973;0.0
15;3;95;396.222;0.0
15;3;96;458.873;0.0
15;3;97;468.553;0.0
15;3;98;473.791;0.0
15;3;99;481.005;0.0
15;3;100;479.934;0.0
15;3;101;477.345;0.0
15;3;102;502.849;0.0
15;3;103;494.431;0.0
15;3;104;465.723;0.0
15;3;105;533.893;0.0
15;3;106;371.437;0.0
15;3;107;458.298;0.0
15;3;108;467.444;0.0
15;3;109;448.817;0.0
15;3;110;439.301;0.0
15;3;111;437.949;0.0
15;3;112;434.177;0.0
15;3;113;425.084;0.0
15;3;114;448.522;0.0
15;3;115;444.749;0.0
15;3;116;447.252;0.0
15;3;117;440.367;0.0
15;3;118;411.752;0.0
15;3;119;533.893;0.0
15;3;120;533.893;0.0
15;3;121;533.893;0.0
15;3;122;533.893;0.0
15;3;123;533.893;0.0
15;3;124;443.812;0.0
15;3;125;0.0;0.0
15;3;126;500.386;0.0
15;3;127;503.538;0.0
15;3;128;480.278;0.0
15;3;129;475.535;0.0
15;3;130;465.107;0.0
15;3;131;455.746;0.0
15;3;132;457.053;0.0
15;3;133;425.502;0.0
15;3;134;420.672;0.0
15;3;135;419.742;0.0
15;3;136;533.893;0.0
15;3;137;305.063;0.0
15;3;138;444.326;0.0
15;3;139;533.893;0.0
15;3;140;375.284;0.0
15;3;141;459.934;0.0
15;3;142;449.803;0.0
15;3;143;457.227;0.0
15;3;144;533.893;0.0
15;3;145;404.999;0.0
15;3;146;533.893;0.0
15;3;147;425.282;0.0
15;3;148;485.461;0.0
15;3;149;487.502;0.0
15;3;150;519.228;0.0
15;3;151;519.49;0.0
15;3;152;473.997;0.0
15;3;153;455.632;0.0
15;3;154;438.569;0.0
15;3;155;414.448;0.0
15;3;156;407.782;0.0
15;3;157;533.893;0.0
15;3;158;224.006;0.0
15;3;159;371.12;0.0
15;3;160;364.398;0.0
15;3;161;361.514;0.0
15;3;162;381.066;0.0
15;3;163;378.038;0.0
15;3;164;370.126;0.0
15;3;165;377.345;0.0
15;3;166;533.893;0.0
15;3;167;533.893;0.0
20;0;0;0.0;0.0
20;0;1;356.537;0.0
20;0;2;517.087;0.0
20;0;3;533.893;0.0
20;0;4;533.893;0.0
20;0;5;533.893;0.0
20;0;6;454.804;0.0
20;0;7;15.879;0.0
20;0;8;533.893;0.0
20;0;9;498.629;0.0
20;0;10;502.431;0.0
20;0;11;497.937;0.0
20;0;12;477.66;0.0
20;0;13;454.953;0.0
20;0;14;440.777;0.0
20;0;15;450.362;0.0
20;0;16;439.241;0.0
20;0;17;420.875;0.0
20;0;18;427.203;0.0
20;0;19;425.814;0.0
20;0;20;441.76;0.0
20;0;21;436.855;0.0
20;0;22;439.759;0.0
20;0;23;430.506;0.0
20;0;24;398.758;0.0
20;0;25;397.552;0.0
20;0;26;401.631;0.0
20;0;27;400.503;0.0
20;0;28;401.145;0.0
20;0;29;398.799;0.0
20;0;30;423.336;0.0
20;0;31;424.67;0.0
20;0;32;398.151;0.0
20;0;33;399.298;0.0
20;0;34;394.171;0.0
20;0;35;381.618;0.0
20;0;36;379.879;0.0
20;0;37;352.808;0.0
20;0;38;344.537;0.0
20;0;39;335.574;0.0
20;0;40;333.068;0.0
20;0;41;533.893;0.0
20;0;42;167.301;0.0
20;0;43;365.842;0.0
20;0;44;370.901;0.0
20;0;45;533.893;0.0
20;0;46;180.353;0.0
20;0;47;351.014;0.0
20;0;48;367.17;0.0
20;0;49;368.065;0.0
20;0;50;533.893;0.0
20;0;51;218.61;0.0
20;0;52;379.443;0.0
20;0;53;375.762;0.0
20;0;54;369.388;0.0
20;0;55;406.756;0.0
20;0;56;411.833;0.0
20;0;57;359.521;0.0
20;0;58;346.927;0.0
20;0;59;333.125;0.0
20;0;60;308.713;0.0
20;0;61;283.744;0.0
20;0;62;271.37;0.0
20;0;63;533.893;0.0
20;0;64;533.893;0.0
20;0;65;0.0;0.0
20;0;66;8.914;0.0
20;0;67;264.478;0.0
20;0;68;533.893;0.0
20;0;69;308.591;0.0
20;0;70;533.893;0.0
20;0;71;296.067;0.0
20;0;72;100.884;0.0
20;0;73;533.893;0.0
20;0;74;334.891;0.0
20;0;75;344.442;0.0
20;0;76;357.414;0.0
20;0;77;230.635;0.0
20;0;78;0.0;0.0
20;0;79;533.893;0.0
20;0;80;365.7;0.0
20;0;81;403.193;0.0
20;0;82;396.252;0.0
20;0;83;388.858;0.0
20;0;84;370.07;0.0
20;0;85;354.284;0.0
20;0;86;331.611;0.0
20;0;87;347.764;0.0
20;0;88;332.191;0.0
20;0;89;308.136;0.0
20;0;90;310.923;0.0
20;0;91;315.72;0.0
20;0;92;328.144;0.0
20;0;93;335.055;0.0
20;0;94;337.103;0.0
20;0;95;321.168;0.0
20;0;96;350.137;0.0
20;0;97;350.684;0.0
20;0;98;351.427;0.0
20;0;99;349.757;0.0
20;0;100;347.433;0.0
20;0;101;347.236;0.0
20;0;102;378.754;0.0
20;0;103;381.746;0.0
20;0;104;351.336;0.0
20;0;105;348.428;0.0
20;0;106;341.665;0.0
20;0;107;327.675;0.0
20;0;108;325.976;0.0
20;0;109;306.905;0.0
20;0;110;301.051;0.0
20;0;111;299.942;0.0
20;0;112;296.375;0.0
20;0;113;533.893;0.0
20;0;114;77.176;0.0
20;0;115;319.992;0.0
20;0;116;319.914;0.0
20;0;117;318.657;0.0
20;0;118;298.079;0.0
20;0;119;296.534;0.0
20;0;120;291.639;0.0
20;0;121;287.587;0.0
20;0;122;278.337;0.0
20;0;123;270.405;0.0
20;0;124;267.221;0.0
20;0;125;259.099;0.0
20;0;126;279.397;0.0
20;0;127;276.817;0.0
20;0;128;243.535;0.0
20;0;129;242.958;0.0
20;0;130;439.966;0.0
20;0;131;533.893;0.0
20;0;132;0.0;0.0
20;0;133;0.0;0.0
20;0;134;379.863;0.0
20;0;135;533.893;0.0
20;0;136;222.004;0.0
20;0;137;229.611;0.0
20;0;138;0.0;0.0
20;0;139;0.0;0.0
20;0;140;266.635;0.0
20;0;141;276.582;0.0
20;0;142;253.398;0.0
20;0;143;260.111;0.0
20;0;144;268.747;0.0
20;0;145;270.394;0.0
20;0;146;276.359;0.0
20;0;147;278.919;0.0
20;0;148;533.893;0.0
20;0;149;41.132;0.0
20;0;150;533.893;0.0
20;0;151;533.893;0.0
20;0;152;0.0;0.0
20;0;153;220.015;0.0
20;0;154;313.453;0.0
20;0;155;302.435;0.0
20;0;156;301.954;0.0
20;0;157;263.645;0.0
20;0;158;242.479;0.0
20;0;159;238.648;0.0
20;0;160;533.893;0.0
20;0;161;0.0;0.0
20;0;162;533.893;0.0
20;0;163;243.191;0.0
20;0;164;0.0;0.0
20;0;165;291.298;0.0
20;0;166;369.238;0.0
20;0;167;533.893;0.0
20;1;0;0.0;0.0
20;1;1;0.0;0.0
20;1;2;0.0;0.0
20;1;3;0.0;0.0
20;1;4;0.0;0.0
20;1;5;0.0;0.0
20;1;6;0.0;0.0
20;1;7;0.0;0.0
20;1;8;0.0;0.0
20;1;9;0.0;0.0
20;1;10;0.0;0.0
20;1;11;0.0;0.0
20;1;12;0.0;0.0
20;1;13;0.0;0.0
20;1;14;0.0;0.0
20;1;15;0.0;0.0
20;1;16;0.0;0.0
20;1;17;0.0;0.0
20;1;18;0.0;0.0
20;1;19;0.0;0.0
20;1;20;0.0;0.0
20;1;21;0.0;0.0
20;1;22;0.0;0.0
20;1;23;0.0;0.0
20;1;24;0.0;0.0
20;1;25;0.0;0.0
20;1;26;0.0;0.0
20;1;27;0.0;0.0
20;1;28;0.0;0.0
20;1;29;0.0;0.0
20;1;30;0.0;0.0
20;1;31;25.605;0.0
20;1;32;8.688;0.0
20;1;33;8.705;0.0
20;1;34;8.234;0.0
20;1;35;10.748;0.0
20;1;36;14.315;0.0
20;1;37;7.878;0.0
20;1;38;7.247;0.0
20;1;39;16.552;0.0
20;1;40;0.0;0.0
20;1;41;217.537;0.0
20;1;42;0.0;0.0
20;1;43;0.0;0.0
20;1;44;0.0;0.0
20;1;45;0.0;0.0
20;1;46;0.0;0.0
20;1;47;0.0;0.0
20;1;48;0.0;0.0
20;1;49;0.0;0.0
20;1;50;0.0;0.0
20;1;51;0.0;0.0
20;1;52;0.0;0.0
20;1;53;0.0;0.0
20;1;54;0.0;0.0
20;1;55;0.0;0.0
20;1;56;0.0;0.0
20;1;57;0.0;0.0
20;1;58;9.71;0.0
20;1;59;8.473;0.0
20;1;60;6.987;0.0
20;1;61;8.546;0.0
20;1;62;12.261;0.0
20;1;63;244.648;0.0
20;1;64;0.0;0.0
20;1;65;0.0;0.0
20;1;66;0.0;0.0
20;1;67;0.0;0.0
20;1;68;0.0;0.0
20;1;69;0.0;0.0
20;1;70;0.0;0.0
20;1;71;0.0;0.0
20;1;72;0.0;0.0
20;1;73;0.0;0.0
20;1;74;0.0;0.0
20;1;75;0.0;0.0
20;1;76;0.0;0.0
20;1;77;0.0;0.0
20;1;78;0.0;0.0
20;1;79;0.0;0.0
20;1;80;0.0;0.0
20;1;81;10.377;0.0
20;1;82;9.233;0.0
20;1;83;8.543;0.0
20;1;84;6.271;0.0
20;1;85;9.184;0.0
20;1;86;11.287;0.0
20;1;87;205.708;0.0
20;1;88;0.0;0.0
20;1;89;0.0;0.0
20;1;90;0.0;0.0
20;1;91;0.0;0.0
20;1;92;0.0;0.0
20;1;93;0.0;0.0
20;1;94;0.0;0.0
20;1;95;0.0;0.0
20;1;96;0.0;0.0
20;1;97;0.0;0.0
20;1;98;0.0;0.0
20;1;99;0.0;0.0
20;1;100;0.0;0.0
20;1;101;0.0;0.0
20;1;102;0.0;0.0
20;1;103;0.0;0.0
20;1;104;0.0;0.0
20;1;105;9.278;0.0
20;1;106;9.77;0.0
20;1;107;9.647;0.0
20;1;108;15.316;0.0
20;1;109;8.108;0.0
20;1;110;8.502;0.0
20;1;111;9.936;0.0
20;1;112;10.007;0.0
20;1;113;175.579;0.0
20;1;114;0.0;0.0
20;1;115;0.0;0.0
20;1;116;0.0;0.0
20;1;117;0.0;0.0
20;1;118;0.0;0.0
20;1;119;0.0;0.0
20;1;120;0.0;0.0
20;1;121;0.0;0.0
20;1;122;0.0;0.0
20;1;123;0.0;0.0
20;1;124;0.0;0.0
20;1;125;0.0;0.0
20;1;126;0.0;0.0
20;1;127;0.0;0.0
20;1;128;0.0;0.0
20;1;129;9.126;0.0
20;1;130;10.48;0.0
20;1;131;10.154;0.0
20;1;132;17.777;0.0
20;1;133;8.458;0.0
20;1;134;9.197;0.0
20;1;135;8.875;0.0
20;1;136;6.008;0.0
20;1;137;165.656;0.0
20;1;138;0.0;0.0
20;1;139;0.0;0.0
20;1;140;0.0;0.0
20;1;141;0.0;0.0
20;1;142;0.0;0.0
20;1;143;0.0;0.0
20;1;144;0.0;0.0
20;1;145;0.0;0.0
20;1;146;0.0;0.0
20;1;147;0.0;0.0
20;1;148;0.0;0.0
20;1;149;0.0;0.0
20;1;150;0.0;0.0
20;1;151;0.0;0.0
20;1;152;0.0;0.0
20;1;153;10.329;0.0
20;1;154;11.336;0.0
20;1;155;6.837;0.0
20;1;156;15.651;0.0
20;1;157;8.673;0.0
20;1;158;7.109;0.0
20;1;159;477.753;0.0
20;1;160;0.0;0.0
20;1;161;0.0;0.0
20;1;162;0.0;0.0
20;1;163;0.0;0.0
20;1;164;0.0;0.0
20;1;165;0.0;0.0
20;1;166;0.0;0.0
20;1;167;0.0;0.0
20;2;0;0.0;0.0
20;2;1;0.0;0.0
20;2;2;470.332;0.0
20;2;3;0.0;0.0
20;2;4;0.0;0.0
20;2;5;533.893;0.0
20;2;6;0.0;0.0
20;2;7;76.555;0.0
20;2;8;0.0;0.0
20;2;9;191.41;0.0
20;2;10;177.298;0.0
20;2;11;152.32;0.0
20;2;12;130.364;0.0
20;2;13;94.201;0.0
20;2;14;86.505;0.0
20;2;15;128.683;0.0
20;2;16;533.893;0.0
20;2;17;82.94;0.0
20;2;18;0.0;0.0
20;2;19;249.513;0.0
20;2;20;149.597;0.0
20;2;21;0.0;0.0
20;2;22;317.671;0.0
20;2;23;73.993;0.0
20;2;24;0.0;0.0
20;2;25;0.0;0.0
20;2;26;457.994;0.0
20;2;27;0.0;0.0
20;2;28;503.179;0.0
20;2;29;0.0;0.0
20;2;30;284.937;0.0
20;2;31;294.192;0.0
20;2;32;283.141;0.0
20;2;33;268.494;0.0
20;2;34;240.568;0.0
20;2;35;215.112;0.0
20;2;36;174.479;0.0
20;2;37;135.768;0.0
20;2;38;103.191;0.0
20;2;39;83.983;0.0
20;2;40;533.893;0.0
20;2;41;120.364;0.0
20;2;42;100.446;0.0
20;2;43;112.527;0.0
20;2;44;121.544;0.0
20;2;45;131.058;0.0
20;2;46;0.0;0.0
20;2;47;10.418;0.0
20;2;48;0.0;0.0
20;2;49;0.0;0.0
20;2;50;139.749;0.0
20;2;51;146.833;0.0
20;2;52;149.367;0.0
20;2;53;153.194;0.0
20;2;54;148.706;0.0
20;2;55;178.738;0.0
20;2;56;173.978;0.0
20;2;57;136.821;0.0
20;2;58;126.865;0.0
20;2;59;114.578;0.0
20;2;60;101.759;0.0
20;2;61;83.454;0.0
20;2;62;69.539;0.0
20;2;63;76.578;0.0
20;2;64;93.716;0.0
20;2;65;533.893;0.0
20;2;66;0.0;0.0
20;2;67;118.84;0.0
20;2;68;0.0;0.0
20;2;69;0.0;0.0
20;2;70;0.0;0.0
20;2;71;0.0;0.0
20;2;72;0.0;0.0
20;2;73;118.676;0.0
20;2;74;124.143;0.0
20;2;75;128.157;0.0
20;2;76;131.204;0.0
20;2;77;136.463;0.0
20;2;78;139.772;0.0
20;2;79;183.834;0.0
20;2;80;186.104;0.0
20;2;81;147.997;0.0
20;2;82;140.881;0.0
20;2;83;116.749;0.0
20;2;84;89.422;0.0
20;2;85;74.058;0.0
20;2;86;533.893;0.0
20;2;87;36.431;0.0
20;2;88;0.0;0.0
20;2;89;0.0;0.0
20;2;90;0.0;0.0
20;2;91;0.0;0.0
20;2;92;533.893;0.0
20;2;93;121.379;0.0
20;2;94;0.0;0.0
20;2;95;118.313;0.0
20;2;96;0.0;0.0
20;2;97;0.0;0.0
20;2;98;191.584;0.0
20;2;99;533.893;0.0
20;2;100;89.496;0.0
20;2;101;0.0;0.0
20;2;102;239.017;0.0
20;2;103;244.273;0.0
20;2;104;227.284;0.0
20;2;105;219.423;0.0
20;2;106;204.106;0.0
20;2;107;188.508;0.0
20;2;108;186.72;0.0
20;2;109;321.034;0.0
20;2;110;0.0;0.0
20;2;111;155.091;0.0
20;2;112;155.712;0.0
20;2;113;163.879;0.0
20;2;114;179.3;0.0
20;2;115;188.705;0.0
20;2;116;195.504;0.0
20;2;117;202.352;0.0
20;2;118;184.062;0.0
20;2;119;533.893;0.0
20;2;120;0.0;0.0
20;2;121;318.28;0.0
20;2;122;0.0;0.0
20;2;123;230.57;0.0
20;2;124;236.67;0.0
20;2;125;240.199;0.0
20;2;126;267.025;0.0
20;2;127;259.652;0.0
20;2;128;241.582;0.0
20;2;129;234.322;0.0
20;2;130;223.203;0.0
20;2;131;206.094;0.0
20;2;132;190.496;0.0
20;2;133;158.512;0.0
20;2;134;533.893;0.0
20;2;135;263.887;0.0
20;2;136;0.0;0.0
20;2;137;0.0;0.0
20;2;138;0.0;0.0
20;2;139;533.893;0.0
20;2;140;0.0;0.0
20;2;141;0.0;0.0
20;2;142;315.677;0.0
20;2;143;0.0;0.0
20;2;144;206.054;0.0
20;2;145;212.482;0.0
20;2;146;220.523;0.0
20;2;147;224.729;0.0
20;2;148;229.805;0.0
20;2;149;231.982;0.0
20;2;150;263.177;0.0
20;2;151;261.055;0.0
20;2;152;237.758;0.0
20;2;153;230.25;0.0
20;2;154;218.525;0.0
20;2;155;206.705;0.0
20;2;156;196.127;0.0
20;2;157;163.809;0.0
20;2;158;148.394;0.0
20;2;159;136.578;0.0
20;2;160;129.533;0.0
20;2;161;126.025;0.0
20;2;162;149.042;0.0
20;2;163;152.961;0.0
20;2;164;154.189;0.0
20;2;165;157.644;0.0
20;2;166;144.667;0.0
20;2;167;490.159;0.0
20;3;0;55.364;0.0
20;3;1;397.985;0.0
20;3;2;400.681;0.0
20;3;3;404.938;0.0
20;3;4;533.893;0.0
20;3;5;294.697;0.0
20;3;6;447.803;0.0
20;3;7;451.171;0.0
20;3;8;421.167;0.0
20;3;9;417.822;0.0
20;3;10;406.503;0.0
20;3;11;390.063;0.0
20;3;12;387.996;0.0
20;3;13;354.358;0.0
20;3;14;360.881;0.0
20;3;15;533.893;0.0
20;3;16;533.893;0.0
20;3;17;104.044;0.0
20;3;18;533.893;0.0
20;3;19;0.0;0.0
20;3;20;179.065;0.0
20;3;21;360.854;0.0
20;3;22;424.177;0.0
20;3;23;533.893;0.0
20;3;24;533.893;0.0
20;3;25;0.0;0.0
20;3;26;401.867;0.0
20;3;27;408.188;0.0
20;3;28;413.822;0.0
20;3;29;420.835;0.0
20;3;30;451.434;0.0
20;3;31;450.033;0.0
20;3;32;428.206;0.0
20;3;33;428.458;0.0
20;3;34;407.837;0.0
20;3;35;392.46;0.0
20;3;36;389.12;0.0
20;3;37;368.244;0.0
20;3;38;363.426;0.0
20;3;39;368.017;0.0
20;3;40;368.425;0.0
20;3;41;369.158;0.0
20;3;42;392.708;0.0
20;3;43;390.742;0.0
20;3;44;390.188;0.0
20;3;45;394.924;0.0
20;3;46;374.197;0.0
20;3;47;367.664;0.0
20;3;48;334.104;0.0
20;3;49;323.874;0.0
20;3;50;318.536;0.0
20;3;51;310.855;0.0
20;3;52;308.513;0.0
20;3;53;305.658;0.0
20;3;54;302.626;0.0
20;3;55;350.236;0.0
20;3;56;355.486;0.0
20;3;57;312.325;0.0
20;3;58;311.059;0.0
20;3;59;300.386;0.0
20;3;60;296.828;0.0
20;3;61;279.654;0.0
20;3;62;267.111;0.0
20;3;63;273.756;0.0
20;3;64;269.523;0.0
20;3;65;487.837;0.0
20;3;66;533.893;0.0
20;3;67;270.752;0.0
20;3;68;281.845;0.0
20;3;69;0.0;0.0
20;3;70;70.545;0.0
20;3;71;287.965;0.0
20;3;72;296.778;0.0
20;3;73;299.927;0.0
20;3;74;305.433;0.0
20;3;75;312.094;0.0
20;3;76;312.948;0.0
20;3;77;314.944;0.0
20;3;78;533.893;0.0
20;3;79;159.867;0.0
20;3;80;371.607;0.0
20;3;81;331.063;0.0
20;3;82;330.539;0.0
20;3;83;327.709;0.0
20;3;84;320.424;0.0
20;3;85;533.893;0.0
20;3;86;83.243;0.0
20;3;87;533.893;0.0
20;3;88;151.676;0.0
20;3;89;533.893;0.0
20;3;90;533.893;0.0
20;3;91;163.379;0.0
20;3;92;0.0;0.0
20;3;93;352.664;0.0
20;3;94;363.014;0.0
20;3;95;360.512;0.0
20;3;96;417.516;0.0
20;3;97;426.324;0.0
20;3;98;431.089;0.0
20;3;99;437.653;0.0
20;3;100;436.679;0.0
20;3;101;434.323;0.0
20;3;102;457.529;0.0
20;3;103;449.869;0.0
20;3;104;423.749;0.0
20;3;105;533.893;0.0
20;3;106;290.323;0.0
20;3;107;416.993;0.0
20;3;108;425.314;0.0
20;3;109;408.366;0.0
20;3;110;399.707;0.0
20;3;111;398.478;0.0
20;3;112;395.046;0.0
20;3;113;386.772;0.0
20;3;114;408.098;0.0
20;3;115;404.664;0.0
20;3;116;406.942;0.0
20;3;117;400.678;0.0
20;3;118;374.642;0.0
20;3;119;378.218;0.0
20;3;120;533.893;0.0
20;3;121;533.893;0.0
20;3;122;533.893;0.0
20;3;123;510.185;0.0
20;3;124;341.858;0.0
20;3;125;0.0;0.0
20;3;126;455.287;0.0
20;3;127;458.155;0.0
20;3;128;436.992;0.0
20;3;129;432.676;0.0
20;3;130;423.188;0.0
20;3;131;414.671;0.0
20;3;132;415.86;0.0
20;3;133;387.152;0.0
20;3;134;382.758;0.0
20;3;135;381.912;0.0
20;3;136;533.893;0.0
20;3;137;229.931;0.0
20;3;138;404.28;0.0
20;3;139;533.893;0.0
20;3;140;293.823;0.0
20;3;141;418.481;0.0
20;3;142;409.263;0.0
20;3;143;416.018;0.0
20;3;144;533.893;0.0
20;3;145;320.86;0.0
20;3;146;533.893;0.0
20;3;147;339.315;0.0
20;3;148;441.707;0.0
20;3;149;443.565;0.0
20;3;150;472.431;0.0
20;3;151;472.67;0.0
20;3;152;431.277;0.0
20;3;153;414.567;0.0
20;3;154;399.042;0.0
20;3;155;377.095;0.0
20;3;156;371.029;0.0
20;3;157;533.893;0.0
20;3;158;156.18;0.0
20;3;159;337.671;0.0
20;3;160;331.555;0.0
20;3;161;328.932;0.0
20;3;162;346.721;0.0
20;3;163;343.967;0.0
20;3;164;336.768;0.0
20;3;165;336.226;0.0
20;3;166;533.893;0.0
20;3;167;445.105;0.0
